"artist_name","track_name","genius_url","genius_id","lyrics"
"Luciano","Butcher","https://genius.com/Sole-deu-phonix-lyrics","2418581","[Songtext zu „Phönix“][Part 1]Meine Bitch mischt mir ’ne John-Player in ’nem Longpaper mit Purple-HazeIch lass’ mir ein Rockstarleben durch den Kopf gehen - nenn mich Kurt CobainDeutsche Rapper haben Homo-Ehen, sie wechseln das Ufer - Golden GatesDiese Szene wird gefickt - Pornodreh, Rapper gehen baden - ich bin Norman BatesBitches machen zwar auf konservativ, aber hängen an SOLÈ wie sein Oversize-TIch rolle Weed in Smoking-Reds oder in OCBs, Frauen kauen mir ein Ohr ab - nenn mich HolyfieldRapper reden von Fellatio, doch ich hab’ mehr schnelle Nummern als El ClásicoSie machen auf Araber-Clan,  aber haben dann maximal Juniors im Rücken wie Neymars TrikotSie spielen Gees - Sons-of-Archary-StaffelnDoch werden nicht zum Staatsfeind durch Public-Enemy-PlattenSie sagen, ihr Wagen wär’ in Schuss - John-F.-Kennedy-KarreIhr Mietwagen wird mehr geteilt als Balotellis GrimassenWas für Drogenkohle von dem Mary Jane?Euer Stoff ist nur für Fotzen, so wie Tally WeijlIch schau’ nicht mehr aufs Preisschild, so wie Jessie JGeldprobleme lösen sich in Luft auf, so wie David BlaineIch bin King, du bist Queen in Röhrenjeans wie Freddy MurcerryIch bin fly wie Michael Jordan, du bist fly wie German WingsIch mach’ das miese Geld wie das Cali-Kartell, wie Sina Loa oder Los SetasDu rennst Pennys hinterher - Hofstadter[Hook]Oh mein Gott! Geh’ ich von der Welt, dann als KönigSchwimm’ im Geld, spring’ hervor aus dem Ascheberg wie ein PhoenixFlieg’ empor, immer höher und sie fallen wie IkarusIch hingegen mach’ immer Plus, ich hingegen mach’ immer Plus Asche zu Asche, Staub zu StaubAsche zu Asche, Staub zu StaubAsche zu Asche, Staub zu StaubAsche zu Asche, Staub zu Staub[Part 2]Junge, ich bin hungrig wie ein Stier - Bulls ChicagoWie der Stier vom Lamborghini - MurcielagoAuf der Straßen durch MilanoIhr seid Pussies, ich bin LucianoJunge, ich bin hungrig wie ein GrizzlybärHungrig wie ein Flüchtling auf dem MittelmeerDer gerade flüchtet vor dem MilitärJedes meiner Lieder gleicht ’nem BibelversDu kriegst Schüsse vor die Füße, Bitch, Alors on danseJunge, du bist killed, so wie ein SchottenrockZieh’  Rapper übern Tisch, doch bin kein GeldbetrügerSie sind nur im Traum Killer, so wie Freddy KrügerIch renn’ mit meinen Wölfen durch dein PussyviertelEchte Männer tragen keine Gucci-GürtelIch bin ein Haifisch in meiner StadtUm mich rum sind nur kleine Fische, nennt euch Sushi-CircleWann ich dann mal sterbe durch ’ne Desert-EagleSteht in den Sternen geschrieben wie ein Sheriff-StiefelIch will Pelzmäntel aus dem Fell von HermelinenFür den Tiere abgeschlachtet werden wie bei „Happy Tree Friends“Ihr habt alle keine PerspektiveDeutscher Rap ist für mich Ego-Shooter - Counter-StrikeIch verkaufe zwar kein PervetinDoch ich sorg’ für Tod durch Lines, so wie Walter WhiteIch brauch’ ein’ Haufen Sneaker wie TausendfüßlerAlso mach’ ich Grün zu Lila, nenn mich StraßenkünstlerRapper tragen sehr dick auf wie ein MaskenbildnerDoch brauchen unbedingt die Tafel wie ein KlassenzimmerDiese Szene hat nur VollidiotenAlles Penner-Hippies wie MC FittySie träumen alle von MillionAber können nicht mal ’n Fuchs klären - Sam Witwicky [Hook]Oh mein Gott! Geh’ ich von der Welt, dann als KönigSchwimm’ im Geld, spring’ hervor aus dem Ascheberg wie ein PhoenixFlieg’ empor, immer höher und sie fallen wie IkarusIch hingegen mach’ immer Plus, ich hingegen mach’ immer PlusAsche zu Asche, Staub zu StaubAsche zu Asche, Staub zu StaubAsche zu Asche, Staub zu StaubAsche zu Asche, Staub zu Staub"
"Luciano","Gesegnet","https://genius.com/Mucco-on-ma-way-lyrics","10891103","[Songtext zu „On Ma Way“][Intro][?](Ey-yo, Guestlist, gimme ten)[Part 1]Check, ich seh' Bullen im OrtskernJungs, die bei 'ner Dürre halbe Kiste sofort klär'nIch hab' Geld seine Mutter geficktUnd Geld fast meine, Diggi, sag mir, wunderst du dich?Wie sind wir bloß in so 'ne Scheiße geraten?Egal, was kommt, ich würde keinen verratenWir sind hier allesamt bereit für die StrafenDoch hoffen Dio kann noch weiterhin wartenEs starben Jungs, die nicht einma' bis in die Dreißiger kamenUnd alles nur, weil sie zu leichtsinnig war'nIch fühl' mich frei in ihr'm ArmSie kann Geheimnisse heilig bewahr'nMir geh'n Ideen aus, langsam ist der Abgrund sichtbarLuzifer erweist sich als verhandlungssicherHab' zu hoch gepokert, hab' mich wieder verzocktAuf einem großen Monat folgte immer wieder ein Loch[Hook]Bin ich on my way, hat sie Angst, aber safeWenn ich tanz', ich komm' late, sie versteht den MoveÜber mir liegt ein FluchBin ich on my way, hat sie Angst, aber safeWenn ich tanz', ich komm' late, sie versteht den MoveÜber mir liegt ein Fluch [Part 2]Luzide Träume, viele Feinde, viele FreundeDass wir einen Schaden haben, Diggi, hab' ich nie geleugnetMeine Angst, dass wir versagen könnten, blieb bis heuteLuzi hat Respekt vor mein'n Gedanken, was den Sieg bedeutetMama will ein'n vernünftigen KopfFür ihren Sohn schlägt das Motto draußen „Rücken ist Gott“Zweimal im Monat gab es pünktlich den JobSo Gott es wollte, wurd ich gründlich gehopstWir sind den falschen Weg gegang'n und steh'n bis heute noch auf grau'm GebietJa oder nein? Jedes Mal, wenn ich die Augen verschließ'Nirgendwo mehr Frieden, sogar draußen ist KriegAber was kannst du ändern? Wir verkaufen uns nie[Hook]Bin ich on my way, hat sie Angst, aber safeWenn ich tanz', ich komm' late, sie versteht den MoveÜber mir liegt ein FluchBin ich on my way, hat sie Angst, aber safeWenn ich tanz', ich komm' late, sie versteht den MoveÜber mir liegt ein Fluch"
"Luciano","Cold as Ice","https://genius.com/Bastardo-locale-istinto-animale-lyrics","2972915","RIT.:Inizia a sanguinare, sono un predatore/Sulla strumentale, semino il terrore/Ecco il mio habitat, immergiti nell’acqua/La cosa si fa tragica, se sono a caccia!/Caimano o squalo bianco, solitario o in branco/Ma frate quando rappo, lo spingo solo hardcore/Caimano o squalo bianco, solitario o in branco/Ma frate quando rappo, lo spingo solo hardcore/1a STROFA:Innesco la bomba, da Treviso a Milano/Immerso nell’ombra, Narciso e il caimano/Nell’acqua ti specchi, io mostro i denti/E mentre ti vanti, noi t’uccidiamo!/Nelle fauci viscere, di scarsi che fan ridere/Siete piccole vipere, in pratica briciole/Mostro della palude, mi nutro di paure/Spolpo carni crude, get ready for the duel!/La follia abissale, un istinto animale/Perché quando non reggi, il tuo doppio ti assale/Cold as ice come gli M.O.P./Look into my eyes, all i know is kill/ Solite notti sordide, tra le acque torbide/In mezzo alle carogne che, odoran di cadavere/Sorgi tu che galleggi, tra i resti fatti a pezzi/Sei cibo per i pesci, rest in peace!/RIT.:Inizia a sanguinare, sono un predatore/Sulla strumentale, semino il terrore/Ecco il mio habitat, immergiti nell’acqua/La cosa si fa tragica, se sono a caccia!/Caimano o squalo bianco, solitario o in branco/Ma frate quando rappo, lo spingo solo hardcore/Caimano o squalo bianco, solitario o in branco/Ma frate quando rappo, lo spingo solo hardcore/2a STROFA:Porto lo scompiglio, il terrore dei mari/Ti fiuto ad un miglio, come gli squali/Commetto omicidio, se calo sulla base/Come sulla nave, una ciurma di Corsari/ L’oceano è sconfinato, ma tu non mi sfuggi/Sferro il mio agguato, ma che, avevi dubbi?!/Qua muori annegato, la pelle che si squarcia/L’odore salato, di sangue come l’acqua/Canini a rasoio, in bocca un mattatoio/Alone in the dark, i’m shark nel petrolio/Come in Superquark, nuoto tra i banchi/Di sarde, son salme, eh no che non ti salvi!/Ad ogni morso, mozzo un pezzo del tuo corpo/Dipingo di rosso, ti spolpo fino all’osso/Pensi sia finita, salvo all’ultimo quarto?/Pongo fine alla tua vita, il grande squalo bianco!!/RIT.:Inizia a sanguinare, sono un predatore/Sulla strumentale, semino il terrore/Ecco il mio habitat, immergiti nell’acqua/La cosa si fa tragica, se sono a caccia!/Caimano o squalo bianco, solitario o in branco/Ma frate quando rappo, lo spingo solo hardcore/Caimano o squalo bianco, solitario o in branco/Ma frate quando rappo, lo spingo solo hardcore/"
"Luciano","Starboy","https://genius.com/Mucco-on-ma-way-lyrics","10891103","[Songtext zu „On Ma Way“][Intro][?](Ey-yo, Guestlist, gimme ten)[Part 1]Check, ich seh' Bullen im OrtskernJungs, die bei 'ner Dürre halbe Kiste sofort klär'nIch hab' Geld seine Mutter geficktUnd Geld fast meine, Diggi, sag mir, wunderst du dich?Wie sind wir bloß in so 'ne Scheiße geraten?Egal, was kommt, ich würde keinen verratenWir sind hier allesamt bereit für die StrafenDoch hoffen Dio kann noch weiterhin wartenEs starben Jungs, die nicht einma' bis in die Dreißiger kamenUnd alles nur, weil sie zu leichtsinnig war'nIch fühl' mich frei in ihr'm ArmSie kann Geheimnisse heilig bewahr'nMir geh'n Ideen aus, langsam ist der Abgrund sichtbarLuzifer erweist sich als verhandlungssicherHab' zu hoch gepokert, hab' mich wieder verzocktAuf einem großen Monat folgte immer wieder ein Loch[Hook]Bin ich on my way, hat sie Angst, aber safeWenn ich tanz', ich komm' late, sie versteht den MoveÜber mir liegt ein FluchBin ich on my way, hat sie Angst, aber safeWenn ich tanz', ich komm' late, sie versteht den MoveÜber mir liegt ein Fluch [Part 2]Luzide Träume, viele Feinde, viele FreundeDass wir einen Schaden haben, Diggi, hab' ich nie geleugnetMeine Angst, dass wir versagen könnten, blieb bis heuteLuzi hat Respekt vor mein'n Gedanken, was den Sieg bedeutetMama will ein'n vernünftigen KopfFür ihren Sohn schlägt das Motto draußen „Rücken ist Gott“Zweimal im Monat gab es pünktlich den JobSo Gott es wollte, wurd ich gründlich gehopstWir sind den falschen Weg gegang'n und steh'n bis heute noch auf grau'm GebietJa oder nein? Jedes Mal, wenn ich die Augen verschließ'Nirgendwo mehr Frieden, sogar draußen ist KriegAber was kannst du ändern? Wir verkaufen uns nie[Hook]Bin ich on my way, hat sie Angst, aber safeWenn ich tanz', ich komm' late, sie versteht den MoveÜber mir liegt ein FluchBin ich on my way, hat sie Angst, aber safeWenn ich tanz', ich komm' late, sie versteht den MoveÜber mir liegt ein Fluch"
"RAF Camora","Ohne mein Team","https://genius.com/Raf-camora-zenit-snippet-lyrics","4813438","[Songtext zu „ZENIT Snippet“][Track 1: Kreiert][Intro]Sternenkonstellation macht, dass Camora geht als Legende[Part 1]Ohne sie wär ich 'n andrerVielleicht im Anzug eleganterWer weiß, vielleicht wär ich BeamterOder auf Party auf der RamblaAhh, Bruder, ja, aber Fünfhaus hat mich kreiertFünfhaus hat mich kreiertMein Bezirk und meine Straße hab'n mich inspiriertVergess' nicht, wo ich herkomm', kann mich nicht verlier'n[Part 2]Ohne sie wär ich BanditWär vielleicht niemals in BerlinHätte nicht meine DisziplinMama sagen, ich hörte ihre MelodienZwischen Smog und KerosinBruder, ja, die Familie hat mich kreiertFamilie hat mich kreiertMama gab mir Liebe, Baba gab mir DisziplinVergess' nicht, wo ich herkomm', kann mich nicht verlier'n [Part 3]Vielleicht wär ich schon am EndeVielleicht wär „Ghøst“ schon meine GrenzeOhne Millionen, ohne RenteGefressen von der Konkurrenz wie der Savas in den TrendsBruder, ja, doch mein Team, es hat mich kreiertMein Team, es hat mich kreiertOhne Bonez und 187 wär' ich nicht mehr hierVergess' nicht, wo ich herkomm', kann mich nicht verlier'nKann mich nicht verlier'n[Track 2: Vendetta][Intro]Vendetta[Hook]Ah! Einmal war Spaß, zweimal fatal, wart abEs kommt VendettaKleiner Fauxpas reicht schonEs kommt VendettaOkay, VendettaWest-Wien, VendettaFünfhaus, Vendetta (okay)Vendetta, Vendetta [Part]Komm mir nicht mehr mit Peace, jetzt ist zu spätWir kontrollieren ganz Wien, wohin willst du geh'n?Maserati GT, VendettaFerrari Fefe, VendettaBruder, alles okay, VendettaBruder, alles okay, VendettaEs kommt Vendetta[Outro]Ich hab' zehn Jahre gewartet auf „Vendetta“Scharf über Jahre das Messer[Track 3: Adriana][Pre-Hook]Adriana, -drianaAdriana, -driana[Hook]Bin ich mit ihr, bin ich nicht mehr daBruder, sie ist nicht normal'Ne Schönheit wie AdrianaSeh' schon den Ring an ihrer Hand, AdrianaWill nur sie, keine andreWill nur sie, keine andreWill nur sie, keine andreWill nur sie, keine andre [Part]Sie trägt Jogger von ZaraKein Dolce GabbanaAugen wie auf 'nem CoverAuch ohne MascaraSie ist modern, doch hat MentalitätWenn Mama zu Besuch kommt, macht sie KaffeeGlaub mir, sie gibt mir KontraWenn sie merkt, ich bin am falschen WegSie geht selten auf PartyUnd wenn doch, ist sie die Schönste im ClubLass' sie fahr'n im FerrariUnd ich schwör', Bruder, jeder gucktWill nur sie, keine andreFür sie ist Kylie Jenner 'ne SchlampeWir schau'n uns an, versteh'n uns stummEin Blick, ein Gedanke[Pre-Hook]Adriana, -drianaAdriana, -driana (ey)[Hook]Bin ich mit ihr, bin ich nicht mehr da (mehr da)Bruder, sie ist nicht normal'Ne Schönheit wie AdrianaSeh' schon den Ring an ihrer Hand, AdrianaWill nur sie, keine andreWill nur sie, keine andreWill nur sie, keine andreWill nur sie, keine andre[Track 4: Sag ihnen, Pt. 2][Part]Ich bin gegang'n ohne zu sagen „Bye!“Oder die Wohnungstür zu schließenManche dachten dann, ich hole nur kurz KippenZwölf Jahre später fragt man, wann ich endlich wieder komm'Drum zeig jedem, der mich kennt, diesen SongIch mach' das, was ich geträumt hab', schon seit 9-8Als meine Konkurrenten nicht einmal gezeugt war'nGing nach Deutschland, wollte NeustartBerlin war hart, es gab nur Beef und ParanoiaAlles, was ich sag', ist wahr, gar nix wird erfundenMischte damals Alben ab in 48 StundenWar schon Ghostwriter, doch verrate keine KundenAuch wenn mich paar Bastarde manchmal juckten − zurück zum ThemaJede Million, die ich verdient hab', ist 'ne KugelGuck dir mein Gesicht an, der Erfolg hinterließ SpurenNächster Stopp Zukunft − gesucht und gefundenVom höchsten Punkt nach ganz, ganz unten − sag ihn'n[Hook]Das sind keine Zeilen, die ich sing'Ich sing', um zu zeigen, wer ich bin[Track 5: Puta Madre][Pre-Hook]Bin im Bezirk, der Mond ist riesig über WienSitz' auf 'ner Vespa, Rotlicht spiegelt sich am SchirmBald wird es Zeit, drum gibt's hier nichts mehr zu verlier'n (nix, nix)Man sagt, angeblich hab'n wir wieder übertrieb'n (ey, ey, ey)[Hook]Komm' mit 'ner Armee, ganz Fünfhaus läuft ParadeEkipa regelt das mit Glocks, nicht mit KarateKomm' mit 'ner Armee, was geht, la puta madre?Marseille, West-Wien, wir füllen Stadien, kein KabarettKomm' mit 'ner Armee, ganz Fünfhaus läuft ParadeEkipa regelt das mit Glocks, nicht mit KarateKomm' mit 'ner Armee, was geht, la puta madre?Marseille, West-Wien, wir füllen Stadien, kein Kabarett (ey, ey)[Track 6: Traum][Intro]Ah![Hook]Wovon ich träume, Bruder, hör zu! Panorama-WhirlpoolBlick' von meiner Zona auf die Stadt, denn sie gehört unsRiesige Garage, „RR“ am EntréeRaben aus Stein, auf dem Wasser Fontän'nMein Traum, Bruder, hör zu! Panorama-WhirlpoolBin in meiner Zona mit Familie, keiner stört unsMusik zeigt der Welt meine IdentitätTrophäen am Kamin erinnern mich an mein'n Weg[Part]Ich hab' viel verdient, „Zenit“ ist PlatinWeiße Haarsträhne passt, Sonne strahlt durch die Gardin'nDunkle Tage weit hinter mir, bin eins-a trainiertRap-Szene, fick' sa Mutter, spiel' auf mein KlavierUnd Cørbo läuft babaIch krieg' ab und zu paar Zahlen per MailÜber Camora kann man nix mehr sagenAußer, „Bruder, er hat alles zerlegt!“[Track 7: Zenit][Part]ZenitBin in der Zukunft endlich am ZielLaut Ballistik alles zerfetztUnd laut Statistik besser als nie (ja)Karriereende niemalsGlaub mir, erst jetzt beginnt die PartyR-A gibt Gas, schaltet niemals auf R, hHab' immer nur den Sieg im Ferrari-Navi[Hook]Bin am Zenit (ey)Bruder, alles bis jetzt war nur Training (ey, ey)R-A, Wien-West (ey, ey)Null Interesse für'n Rest, hör' und seh' nixBin am Zenit (ey)Bruder, jede Konkurrenz kriegt PenisBin stärker denn je, veramenteWillkommen am Zeni-N-I-T[Outro]War nie mein Ziel mal ihr Star zu sein"
"RAF Camora","Toto (feat. RAF Camora)","https://genius.com/Joyce-santana-no-se-ve-el-corazon-lyrics","11572388","[Letra de ""No se ve el Corazon""][Parte I][Intro]High Quality on the beat[Verso 1]Yo tengo una baby blanquita que el pai es racistaY por eso era que me chingabaYo tenía un panita que era esquizofrénicoY no se enmascaraba cuando matabaTengo una amiguita que es tremenda bichaPorque la tocaron y no dijo nadaYo sé de guerrero' sin una pistola'Que todos los días tienen su batalla[Coro]No se ve el corazón, lo que se ve e' la caraNo se ve el corazón, lo que se ve e' la caraNo sе ve el corazón, lo que sе ve e' la caraCualquiera la tiene, cualquiera la jalaCualquiera chambea el peine con la balaY la vida va a seguir, el tiempo no para[Verso 2]Fulana era buena, pero tenía un novioQue estaba caliente y nunca dijo nadaY esto es Puerto Rico, en la luz se los dieronY Fulana cogió los tiro' en la caraY aquí en Carolina te mata tu panaY es así, que ni tú te la imaginaba'Cuando estás de espalda cambian la miradaY te meten con la misma que le prestaba' [Coro]No se ve el corazón, lo que se ve e' la caraNo se ve el corazón, lo que se ve e' la caraNo se ve el corazón, lo que se ve e' la caraCualquiera la tiene, cualquiera la jalaCualquiera chambea el peine con la balaY la vida va a seguir, el tiempo no para[Verso 3]La nena está grande, está cogiendo ala'Sabe que está buena de cuerpo y de caraY los diablo' 'e la esquina si la ven la paranTo's quieren la buena pa' volverla malaFamilia de cinco, la única hermanaTiene dos hermano' que no están por nadaLa mai trabajando, clase media bajaY ella siempre sola, to'a desamparadaLo que no sabía es que cuando salíaEl padrastro de la chamaquita virabaY yo no vo'a decir las cosa' que le hacíaPero ella decía que no le gustabaY él la amenazaba pa' que se callaraQuería matarse y nunca le salíaNadie supo lo mucho que lo tratabaY el día que lo hizo, la dieron por locaY si vieran cómo ese cabrón la llorabaComo si no fuera su culpa que ahora ya está dentro 'e una cajaLa mai no entendía, pero por dentro sabía que algo pasabaY el tiempo ha pasa'o, ya la mai está viejaY todavía sigue felizmente casadaY la nena ahora es un angelito con ala' [Coro]No se ve el corazón, lo que se ve e' la caraPobre' de Gucci y los mío es de ZaraNo se ve el corazón, lo que se ve e' la caraA todo' los mido con la misma varaNo se ve el corazón, lo que se ve e' la caraLa gente e' más peligrosa que las bala'No se ve el corazón, lo que se ve e' la caraLos diablo' y los ángele', to's tienen ala'[Outro]No se ve el corazón, lo que se ve e' la cara[Parte II][Coro]Nightlife, no love, low life, money up'Tán lloviendo los Benjamin, trépate al—Baby, trépate al tubo y fuck it upFuck it up, fuck it up, fuck it up, fuck it upFuck it up, fuck it up, fuck it up, fuck it upFuck it up, fuck it up, fuck it up, fuck it upFuck it up, fuck it up, fuck it up, fuck it up, yeah[Verso]Mirando a ver lo que cae, caePa' chingarse a otro cliente y byePa' comprarse Car—, pa' comprarse Za—Lo que sea pa' vivir una good lifeLife, life, life, life, life, life, life, life, life, life, life, life, life, yeahLa baby quiere que le crea que ella es buena, pero se pasa con las mala'Yo no la juzgo si puteaElla es buena pero esta vida es muy caraTiene problema' y una neni parece que no se lleva con la maiY tampoco con la hermanaElla está buena, pero me da la perseDe que un día de estos resulte que se chingó a uno 'e mis pana'¿Y cómo verle el corazón, si el culo ni deja que me fije en la cara?Ella putea en depresión, porque el money llega y así mismo se acabaElla lo hace por profesión porque el tipo no tiene pa' pensiónPero tiene postada', la historia siempre que nunca se acabaLos cuentos reale' no son los de hada' [Coro]Nightlife, no love, low life, money up'Tán lloviendo los Benjamin, trépate al—Baby, trépate al tubo y fuck it upFuck it up, fuck it up, fuck it up, fuck it upFuck it up, fuck it up, fuck it up, fuck it upFuck it up, fuck it up, fuck it up, fuck it upFuck it up, fuck it up, fuck it up, fuck it upNightlife, no love, low life, money up'Tán lloviendo los Benjamin, trépate al—Baby, trépate al tubo y fuck it upFuck it up, fuck it up, fuck it up, fuck it upFuck it up, fuck it up, fuck it up, fuck it upFuck it up, fuck it up, fuck it up, fuck it upFuck it up, fuck it up, fuck it up, fuck it up[Outro]Baby, trépate al tuboFuck it up, fuck it up, fuck it up, fuck it upNo se ve el corazón, lo que se ve e' la caraFuck it upNo se ve el corazón, lo que se ve e' la cara'Tán lloviendo los Benjamin, trépate al tuboNo se ve el corazón, lo que se ve e' la cara"
"RAF Camora","Blaues Licht","https://genius.com/G-holy-one-night-lyrics","5946823","[Intro: G-HOLY]Wine glass in the sink, female chatter and drinksBluetooth speaker and DrakeCold hot wings on the coffee table and muted cableHair weave sprinkles the carpet of the apartmentThe night's just started...[Verse: G-HOLY]Before the door slams, quick picture for the 'gramCaption reads ""tonight I'm gon tell him he my man.""One calls shotgun, they pile up in the vanToo many heads for the Uber, Mom's car, nice maneuverRockin' all designer, opеnin' acts lesser knownShe pay attеntion kinda, waitin' for headlinerEx left a comment, but the homie started rhymin'Crowd goin' wild, word for word, perfect timin'Grand finale, final song, time to bring up somebodyPoints, the light shines, she's frozen, can't believe that she was spottedManeuvers through the sea of bodies to the stageGirlies wishin' it was them, hatin', borderline enragedEyes swellin', crowd yellin', it's an all out serenadeShows over, curtains closed as she's ushered to backstageHer girl texts ""where u at bitch, u my ride?""She texted ""I'm comin wit the passes, bout to get y'all inside.""Funny when you meet ya dreams face to faceAll the things you said you'd do, all things u said you'd sayHeadphones blarin' at the gym or while u workin'Room wall covered, but posters don't make u nervousFar cry from the livin' room, twerkin' for the front cameraThis shit is bananasRed cups in abundance, here come the blunt if you want itFried chicken 'N liquor, good for liver and stomachPlayin' which one thicker, it was her that he wantedInvited her to the dressin' room, like, shorty u comin'?How u gon' act? How u gon' act?How u gon' act? How u gon' act?You think he all that, he think you all thatHe think you all that, but is you all rap?Slim, tall cat, in a ball capDark room, one blue light, all blackYou gon' move forward or fall back?When he move forward, she fall backI love your album, number 6 is my shitI knew you when nobody knew you, wasn't gettin' no hitsPut all my all my girlfriends on you, I'm like listen to thisI mean that first tape's poppin', brought a copy, hoped you'd sign itWell I was thinkin' less talkin' because time is paperHand me that tape, when we're done, promise I'll sign it laterAin't bout to hit you wit' the game all like I'm tryna date yaThe ones out there wish they were here right now they kinda hate yaSee they don't wanna be saved and I ain't tryna save herCause babygirl, I can't lie, you my kinda flavorWhat happens here, stays here, 'member you signed the waiverYeah.....Yeah"
"RAF Camora","Palmen aus Plastik","https://genius.com/Bonez-mc-and-raf-camora-intro-palmen-aus-plastik-lyrics","2853616","[Songtext zu „Intro“][Intro: Bonez MC]SommerÜber den Dächern meiner Stadt riecht die Luft nach Marihuana[Interlude: ? & ?]Wul on nuh man, [?], ah who dis?You neva heard about Bonez MC and RAF Camora?Pussyclaat, German dancehall?But me neva know dem dancehall ting a gwaan ah GermanyGermany this is mad, manDem sound like Mavado and Kartel, me nah tell you no lieWeh yuh seh again? Weh dem name again?It's Bonez MC and RAF Camora"
"RAF Camora","Kokain","https://genius.com/Raf-camora-and-yung-hurn-wien-lyrics","9255881","[Songtext zu „Wien“][Intro: RAF Camora & Yung Hurn]Mhhh-ah(Tag und Nacht) Mh-ahhKeiner kannte diese Stadt, Oida, niemand, heh, vastehst?Ah[Part 1: RAF Camora]Komm nach Vienna, komm nach Vienna, ich schwör', du packst diese Stadt nichtDu kennst Zürich, du kennst Paris, okay, warte, bis du da bistJa, natürlich gibt’s hier alles, Kalaschnikow kommt aus ZagrebUnd frag Piri, beste Chayas komm'n aus Wien und nicht aus BayernWir hab'n alles da, was du willst (Ah)Viel Spaß als Tourist (Ah)GT besser als Artemis (Ah)Wart ab, bist du die Kraxn siehst (Ah)Nie Stress hab’ ich hier mit den Bull'n (Serwas)Sind nett und sie finden mich coolBlick' auf Wien, Infinity-PoolSinge dort die Hook, ja (Ahh)[Hook: RAF Camora & Yung Hurn]Gruß an alle aus Wien (Wiеn)Seit Falco auf Kokain (-in)Schwedenplatz um halb siеb'n (Sieb'n)Pizza, Kebab auf Jim BeamSchwöre, liebe mein Wien, WienSogar Liebe für GrinzingIrgendwann kommt ein Kind, KindEs wird geboren in Wien, Wien, Wien, Wien (Ahh) [Post-Hook: Yung Hurn]Kann mein Gesicht nicht mehr spür'nFahr' durch die Stadt um halb fünfAugen groß wie das RiesenradIn Vienna, -enna[Part 2: RAF Camora]Komm nach Vienna, komm nach Vienna, ich schwör', keiner macht hier PanikEin Tschetschener aus Wien 20 und du brichst wie die TitanicPolitiker sind korrupt, manche kaufen Koka von unsManche Straches und Gudenus’, Ibiza bis Porto Banús (Ahh)19. Bezirk voll Opfer, aber sie hab’n wirklich gute ChaysHab' oft Sex mit reicher Tochter, sie findet meine Tattoos so geil (Ahh)Komm’ aus Fünfhaus wie die U3, Grüße geh'n raus an TuncayGrüße geh'n raus an Emir, Agic, nehm' euch was mit aus DubaiImmobilien-Schwanz im Anzug kommt im Ersten mit paar Weiber (Ahh)Papas Batzen in sein’ Anus, doch Marques macht ihn PapayaUnsre Bezirke wurden nie verstand'n, Fünfhaus-Jungs war'n nur am jumpenStress, Bahnhof, dort unter Junkies wie Mutanten, vastehst? (Ahh, ah-ah)[Hook: RAF Camora & Yung Hurn]Gruß an alle aus Wien (Wien)Seit Falco auf Kokain (-in)Schwedenplatz um halb sieb'n (Sieb'n)Pizza, Kebab auf Jim BeamSchwöre, liebe mein Wien, WienSogar Liebe für GrinzingIrgendwann kommt ein Kind, KindEs wird geboren in Wien, Wien, Wien, Wien (Ahh) [Post-Hook: Yung Hurn]Kann mein Gesicht nicht mehr spür'nFahr' durch die Stadt um halb fünfAugen groß wie das RiesenradIn Vienna, -ennaKann mein Gesicht nicht mehr spür'nFahr' durch die Stadt um halb fünfAugen groß wie das RiesenradIn Vienna, -enna[Bridge: Yung Hurn & RAF Camora](Wien, Wien, Wien, Wien, Wien, Wien, Wien, Wien) -enna, -enna(Wien, Wien, Wien, Wien) -enna, -enna(Wien, Wien, Wien, Wien, Wien, Wien, Wien, Wien) -enna, -enna(Wien, Wien, Wien, Wien, Wien, Wien, Wien, Wien)[Outro: ?]Diese Narben, diese Schmerzen, Bruder, wir sind schon gewohnt, AlterWir fressen das locker weg, BruderDiese ein, zwei, drei, kein Problem, Bruder, ich fresse noch fünf gerneOhne Probleme, Bruder, weiterkämpfenBis zum Letzten, Abudi, wir sind 12er, Bratan"
"Gzuz","Kreidebleich","https://genius.com/Gzuz-alles-zu-seiner-zeit-lyrics","3556569","[Hook]Alle suchen Natz (Natz)Alle suche Pill'n (Pill'n)Denn hier geht grad nichts ab (nichts ab)Und keiner will hier chill'nDoch ich sag' (doch ich sag')Alles zu seiner Zeit (zu seiner Zeit)Alles zu seiner Zeit (zu seiner Zeit)Alles zu seiner Zeit (zu seiner Zeit)Deshalb rufen sie mich an (ja)Sie wollen was bestell'nAber ich geh' grad' nicht ranDenn ich roll' in mei'm CLUnd ich denk' mir nur (denk' mir nur)Alles zu seiner Zeit (alles zu seiner Zeit)Alles zu seiner Zeit (alles zu seiner Zeit)Alles zu seiner Zeit (alles zu seiner Zeit)Alles zu seiner Zeit (alles zu seiner Zeit)[Part 1]Alles Designer-Style (boah)Ja, das sind Haifisch-Nikes (yes)Die Schlampe wird kreidebleich (arh)Nach meinen weißen Lines (woof)Früher noch keine Zeit (hah)Heut will sie Schweinereien (ja)Macht ihre Beine breit (sofort)Alles zu seiner Zeit (wooh)Alles 'ne Kleinigkeit (ja)Streck' Kokain eins zu eins (yes)Halt' meine Preise klein (hah)Simpel wie Einmaleins (nein, nein)Heut bin ich scheiße reich (ja)Nie wieder pleite sein (never)Ihr dürft gerne neidisch sein (wooh)Alles zu seiner ZeitGazi ist kalt wie Eis (Gazi ist kalt wie Eis)Guckt, wie mein Eisen scheint (guckt, wie mein Eisen scheint)Und gibt es hier Streitereien (und gibt es hier Streitereien)Dann schieß' ich auf meinen FeindSo ist das Leben, life is life (ahh)Und wenn ich nur Scheiße reim' (was?)Hauptsache, der Reim ist geil (ja) [Hook]Alle suchen NatzAlle suche Pill'n (Pill'n)Denn hier geht grad nichts ab (nichts ab)Und keiner will hier chill'nDoch ich sag' (doch ich sag')Alles zu seiner Zeit (zu seiner Zeit)Alles zu seiner Zeit (zu seiner Zeit)Alles zu seiner Zeit (zu seiner Zeit)Deshalb rufen sie mich an (ja)Sie wollen was bestell'nAber ich geh' grad' nicht ranDenn ich roll' in mei'm CLUnd ich denk' mir nur (denk' mir nur)Alles zu seiner Zeit (alles zu seiner Zeit)Alles zu seiner Zeit (alles zu seiner Zeit)Alles zu seiner Zeit (alles zu seiner Zeit)Alles zu seiner Zeit (alles zu seiner Zeit)[Part 2]Fahre im AMG (wrmm)Doch komm' jedes Mal zu spät (ohh)Ich und 'ne Hand voll Schnee (yes)Ist das, was der Party fehlt (wooh)Die Schlampe fängt an zu reden (Blabla)Ich möchte nur schlafen (ich möchte nur schlafen)Darf höchstens nur blasen (darf höchstens nur blasen)Oder meinen Rasen mäh'nFrüher noch jede Mark gedreht (ohh)Weil das war ein hartes Leben (ja)Hab Tage im Knast gezählt (woah)Heut chill' ich im Garten Eden (ja)Bestell dir ein'n Chardonnay (haha)Und pack' in das Glas 'ne E (tsching)Und seh' im HandumdrehenWie sie ihren Arsch bewegt (wooh)Der Staatsanwalt mag mich nicht (nö)Schreibt wieder ein'n Haftbefehl (tzhe)Doch alles ist halb so wild (ja)Solang meine Gage an den Anwalt geht (haha)Schon wieder am Rad gedreht (schon wieder am Rad gedreht)Und wenn ich 'ne Ladung krieg' (was?)Dann komme ich, wann ich will, denn [Hook]Alle suchen NatzAlle suche Pill'n (Pill'n)Denn hier geht grad nichts ab (nichts ab)Und keiner will hier chill'nDoch ich sag' (doch ich sag')Alles zu seiner Zeit (zu seiner Zeit)Alles zu seiner Zeit (zu seiner Zeit)Alles zu seiner Zeit (zu seiner Zeit)Deshalb rufen sie mich an (ja)Sie wollen was bestell'nAber ich geh' grad' nicht ranDenn ich roll' in mei'm CLUnd ich denk' mir nur (denk' mir nur)Alles zu seiner Zeit (alles zu seiner Zeit)Alles zu seiner Zeit (alles zu seiner Zeit)Alles zu seiner Zeit (alles zu seiner Zeit)Alles zu seiner Zeit (alles zu seiner Zeit)"
"Gzuz","Babylon","https://genius.com/Hector-el-father-ombe-no-lyrics","4187108","Hombre no, estas guerreando con el anormalHombre no, yo de balas tengo un arsenalHombre no, con la boca me quieren matarUsted va a matarme, si las ganas de chingarHombre no, estas guerreando con el anormalHombre no, yo de balas tengo un arsenalHombre no, con la boca me quieren matarUsted va a matarme, si las ganas de chingarMera cabron a mi usted no me venga con un falsoQue yo le puse tenis cuando usted estaba descalzoY ahora a tu pai, papi vienes y le roncasTú no puedes con Yankee menos con el tonkaMamao' tanto que la mano te he pasao' tas esbocao'Y no te voy a aguantar mas un foulTira un pie al bote y te vas secuestrao'Que es lo que tu quieres que te rompa el cagao'Yo soy tremendo hijuelaDesde monte hatillo hasta manuelaY si te pillo con el ak (angelito vuela)No me corras tanto, cabron, que vas a gastar la suelaQue guerrear conmigo es como un dolor de muelaUsted es un loquilloEse estilo tuyo de lo di yoTú eres mas baratillo que la venta del pasilloSi ustedes vieran como yo los arrodillo (prrrrra)Tú eres el rey de lo que cargo en mi calzoncilloTe acuerdas canto'e puerco cuando por un cinquilloEmpeñabas la nativa verde tuya en monte hatilloNi en vista mar a ti te quierenPapi tu ere' un lechoncilloTe cogieron con dos cortas y se la echaste a bolilloPa que tu fronteas si yo se de la pata que cojeasEa voy a ponerte las tripas en la breaPatalea, tu quieres que la cartilla de leaBobo criao, usted me besa a mi el que meaYo soy tu teacher, el que te daba la tareaUn fantasmeo y lo menos que te da es diarreaEstas cagao', dale gallina cacareaTira un pie al bote tu conoces a betty la fea Hombre no, estas guerreando con el anormalHombre no, yo de balas tengo un arsenalHombre no, con la boca me quieren matarUsted va a matarme, si las ganas de chingarHombre no, estas guerreando con el anormalHombre no, yo de balas tengo un arsenalHombre no, con la boca me quieren matarUsted va a matarme, si las ganas de chingarYo que tu me calloEstas hablando mucho papagayoBuster, ahora esta tirandome callayoCulonboPapi voy a fundirte el biomboTu roncabas mucho pero era con mi comboEste cabron, era el mas humilde del rebañoTe acuerdas maraca, cuando lo llevabas pa' catañoCon mucha insecteria y nosotros pasandole el pañoQue mama bicho como la fama le hizo dañoCuando OG Black te prendioTe acuerdas hace un par de añosTe prendieron viernes y el domingo saliste del bañoQue tu eres bandoleroMere bobo tu eres un engañoBaja pa puertorro pa' tirarte por un cañoTu eres un boboY te metiste pa' la cueva del loboTu ronca en Disney pero baja pa kosovo (pa kosovo)Y los bochinches dejaselos a kobboQue cuando te pillemos te vamos a dar un baño de caoboO se te olvido que mi estilo te presteTu no fueras Fifty si yo no fuera Dr. DreYo escribo con lele eso ya yo lo contePorque tu no cuentas pa' que tu escribes con tresCon fulano con mengano y con el cabron de MarioDile a ese charro que no canteQue se quede trabajando en radioQue la calle esta calienteY que hay mucho locarioO dile que comentePa' que conozca a mi sicario Hombre no, estas guerreando con el anormalHombre no, yo de balas tengo un arsenalHombre no, con la boca me quieren matarUsted va a matarme, si las ganas de chingarHombre no, estas guerreando con el anormalHombre no, yo de balas tengo un arsenalHombre no, con la boca me quieren matarUsted va a matarme, si las ganas de chingarSi tu eres tan bravoTe pregunto tecoPorque en nueva york me corriste como pecoTenias miedo que la cara te la llenara de huecosQue hasta los bailarines les pusistes un chalecoY esta es pa' que la pongan en todas las barberiasTu me tiraste aguanta la barriaPapi que tu eres gangsterNo hagas que yo me riaTu te pareces a miEn que los dos tenemos estriasYo escuche la tuya ahora tu escuchas la miaTu andas con soplapoteYo ando con la alta jerarquiaIa, te buscaste una partiaVas a correr con suerte si llegas vivo al paviaEsto ya no es musical cabron, esto es a sangre friaAl toma y dame como pal tiempo de oscariasDe otoniel de raelo de lelo y de isaiasCuando german era el mostro en la 65 de infanteriaY no te esmande, mere cabron venga y no mandeCante nene cante nene y por la orilla andeYo estoy en esto desde los tiempos de pichile y juandeDesde que berto el indio la llevaba en rio grandeComadreja, te estas buscando dos partias de ejaYo estoy guerreando desde los tiempos de negro y mario orejaBájame a tu combo mi combo no se dejaTu roncas como un poppy detras de las rejasY es sencillo, cuando yo hablaba de gatilloWilliam Omar, era monaguilloYo vendia discos y tu cagabas calzoncillosDesde los tiempos que barroco la llevaba en monte hatillo Hombre no, estas guerreando con el anormalHombre no, yo de balas tengo un arsenalHombre no, con la boca me quieren matarUsted va a matarme, si las ganas de chingarHombre no, estas guerreando con el anormalHombre no, yo de balas tengo un arsenalHombre no, con la boca me quieren matarUsted va a matarme, si las ganas de chingarTu estas buscando que los mios tos te denTe acuerdas cuando te quitaron la cadena en llorensQue llegaste a mi casa cagao con un llantenHéctor sacame un pasaje que me lleve pa belenTu eres un puerco papi no te pongas tercoTu roncas cuando te bebes un par de percoYo le meto clean y como los revuelcoY cuando yo te conoci mere cabron usted vestia de fercoY ahora callayo quiere ser tony montanaRoncando de millones y montao en la catanaMe tiraste en la perla y en torre sabanaPero cojistes un pasaje a las 6 de la mañanaAsí quieres guerrear asi quieres joderYo no les puedo dar a los que yo no puedo verBaja pa puertorro que te vamos a coserTu eres guerrero pero eres de mattelTu eres escoriaY a cuenta de mi nombre hicistes historiaQue paso que las perco te borraron la memoriaDe carolina tu eres lo mas zahorriaTu tenias tenis pero eran de la gloria(tus pies en la tierra tus zapatos en la gloria)Tu eres un copiete dile hola a mi 47Vete o voy a pelarte los guanetesTu eres tan tierra que ni convives con los 27Que el rey jalaMere cabron jaleme un casqueteY a mi tu no me vengas a hablar con actitudQue tu no metes cabras madame calaluEn torre par de pela gatos me gritaron bu'Eran primos tuyos de seguro los mandates tuYo no me dejo tu has visto como yo los despellejoEn barbosa no tiraste y te gritaron pendejo(pendejo, pendejo, pendejo)Que paso yo estaba alli, sentiste amenazaYo te tire en torre, viste me mee en tu casaQue tu eres gangster tu de gangster no tienes un chin(Tu eres el rey si el de Burger King)Hombre no, estas guerreando con el anormalHombre no, yo de balas tengo un arsenalHombre no, con la boca me quieren matarUsted va a matarme, si las ganas de chingarHombre no, estas guerreando con el anormalHombre no, yo de balas tengo un arsenalHombre no, con la boca me quieren matarUsted va a matarme, si las ganas de chingarYo soy tu patron, vamos a hablarnos a la rightNo me compre un dennys comprele una casa a su paiQue mis hijos estan al dia tu sabes que es la que hayPonle un seguro a los tuyosQue puede que se te queden sin paiTe acuerdas cuando a wisin le roncaste en los 90(pero cuenta, cuando no te querias bajar de la guaguaQue paso, yo estaba solo, yo estaba solo)Mere lambe bicho tu andabas con mi combo de 70Tu roncas en canciones de rifles y de peines de 30Pero tu eres un pendejo, te mudaste pa' las ventasMere traga leche a mi tu no me mete mochoTu eres feka y mas mentira que pinochoYo no cambio la amistad de un pana mio por un chochoTu eres mas chapeao, cabron, que un carro ley 8Estas roncando mucho y tu has probao de mi cartuchoPreguntale a eliel que te lo mande con un huevuchoQue tu vende mucho que tu ronca mucho que tu tienes muchoCuando cantabas con yanuri estabas mas pelao que un chuchoY si me haces un fantasmeo papi vas a quedar bien feo(andan hector y los gatos en el patrulleoSi los activo va a haber tiroteo)Eso es asi voy a partirte ve y riega la vozVas a saber lo que es guerrear con un lobo ferozYo fui el que te hice recuerdate que yo soy el bossEstos hijos de puta del catalogo the guzJajajajajajaRemember meTe acuerdasYo soy tu papaY deja de estar roncando que yo he visto miles como tuQue roncan en canciones de que tienen estoDe que son jodedores de que han matao'Y cuando me ven no saben ni como reaccionarTu eres igual que todos los cantantes en este generoQue han intentao' matarme pero han fallao' en el intentoPorque no tienen el poderPor eso es que yo los mato primeroPara que nunca lleguen a tenerloJajajajajajajaYo soy el jefe del escuadron mas temido de este generoGrábate eso en la mente canto de cabronY deja de estar roncando de que cuando veas a PolacoDe que cuando cojas a YomoLo que tienes que hacer es actuarToca a uno de ellos si tienes los cojones en tu sitioDale te estoy retandoTu puedes comprar un edificioPuedes comprar 30 DennysY puedes comprar 80 BentleysPero no puedes comprar el respero de tu barrioNi el respeto de tu islaContigo, hay que ponerse el chaleco a prueba de balas alRevesPorque tu eres como todos los cantantes de este generoQue me tiran cuando estoy de espaldaY acuerdate que cuando yo estaba viajando el mundoTu estabas sentado frente a tu televisor soñando ser comoYoTanto asi que fuiste a parque ecuestreA mamarmelo pa' que te grabara, te acuerdasSi tu eres el mas que canta, si tu eres el mas que roncaPorque estuviste 5 años cantando con Yanuri y nunca pegasteEs mas, pa' hablarte claro tu eres bueno pero no sirvesJajajajajaY no ronque de que tu has llevado este genero a otro nivelPorque la vuelta que tu le estas dando al mundo hoyHace tiempo yo se la di dos vecesTe acuerdas cuando eras mi fanaticoAhh, y sabes que que yo no me muero por que tu seas mi hijoPorque yo no tengo hijos insectosOíste canto de puercoOye, bobolonYo sigo aqui en PuertorroLa isla que te hizo y te vio nacerOíste lloronCuando los cantantes lloran coming soonJajajajajaTe fuiste pa' Nueva York pa' ver si podias medir fuerzasConmigoPero sabes que, se te viro la tortillaPero gracias a eso, negroNos dimos cuenta que es tremendo puercoPorque tenia mano pa' nosotrosTu eres de las personasQue cambian cuando se ven 10 pesos en el bolsilloOíste, papi, yo venda lo que venda voy a seguir siendo elMismoY tu ronques lo que ronques vas a seguir siendo el mismoEl mismo bobo criaoJajajajajaOye, esta es la primera y la ultimaPorque yo no guerreo con cobardesY tu eres un cobardeBaja pa Puertorro que estoy ready pa' tiNo estes roncando en las emisoras ni en las cancionesYa aqui yo dije todo, no hay mas na' que hablarUsted es un bobo criaoSi no te gustaron mis comentariosVen, y sacamelos del cuerpo, cabronMecca la nueva amenaza coming soonRiffoPapi, yo fui el que te enseñe a hacer esta pendeja, teAcuerdasTu eres como Scarface, pelicula na' masY si Puerto Rico fuera un edificio tu me tenias que pagar laRentaJajajajajaBobo criaoHéctor el Bambino presentaAl rey de Burger King"
"Gzuz","Kokain","https://genius.com/Gzuz-kopfnusse-lyrics","5186400","[Songtext zu „Kopfnüsse“][Hook]Wo ich bin, sind die Cops auch nicht mehr weit (Auch nicht mehr weit, ahh)Kokain macht nicht locker, sondern steif (macht nicht locker, sondern steif, ja)Ganz egal, ob Deutschland, Österreich und Schweiz (Österreich und Schweiz)Ich geh' auf die Straße, ein paar Kopfnüsse verteil'n (Ein paar Kopfnüsse verteil'n, ja)[Part 1]Fünf Uhr morgens, hab' ein'n riesen Kater (Ja)Bin am fliegen, Digga, wie die NASA (Shew)Deutscher Hip-Hop ist nur viel Gelaber (-laber)Ich geb' weiter Gas auf der schiefen Fahrbahn (Ja)Dreißig Jahre auf der Partymeile (Wouh)Reeperbahn bis zur Hasenheide (Ja)Ihr seid nicht meine Kragenweite (Niemals)Meine Stirn zertrümmert eure NasenbeineHab' ich Langeweile, ruf' ich geile Schlampen (Ja)Per Kontaktanzeige, keine Zeit zu tanzen (Ne)Ich muss Scheine machen und den Daimler tankenFür die Thai-Massagen und die Reifen qualm'n (Was?)Vom Streifenwagen, versuchen mich einzubuchten (Tzhe)Sie werden mich weiter jagen (Ja), doch könn'n meine Eier lutschen (Yes)Könnt es gern weitersagen: Bei Gazi läuft alles wie gewohntDie Waffe steckt im Bund, weil ich jage die Million (Wouh)Die Schlampe ist am nerven und ich sag' ihr Lebewohl (Sag' ihr Lebewohl)(Ring, ring, pussy, it's your mummy on the phone) (Yeah, nein) [Hook]Wo ich bin, sind die Cops auch nicht mehr weit (Auch nicht mehr weit, ahh)Kokain macht nicht locker, sondern steif (macht nicht locker, sondern steif, ja)Ganz egal, ob Deutschland, Österreich und Schweiz (Österreich und Schweiz)Ich geh' auf die Straße, ein paar Kopfnüsse verteil'n (Ein paar Kopfnüsse verteil'n, ja)[Part 2]Müsst mich nicht akzeptier'n, nein, ihr müsst mich nicht versteh'n (Ne)Nächster Tag, fünf Uhr morgens, immer noch ein dicker Schädel (Ohh)Schon seit ich klein bin immer nur am Dinger dreh'n (Ja)Und wieder bin ich hinter GitterstäbenSchwarzer Benzer, ich krieg' eine Latte (Ja)Tausch' die Tasche in der Seitengasse (Zack)Auch wenn ich mir damit Feinde mache (Hah)Digga, läufst du weg, steh' ich auf deiner Matte (Ulah)Aufgeladen und lass' Fäuste sprechen (Ja)Doch der Vollidiot will seine Freunde hol'nJa, er soll sie hol'n, doch ist scheißegalMuss ich eben halt noch seine Freunde fetzenMit 22 Zoll bleibe ich auf ChromÜberall Verbot, unterschreib' die Petition (Tzheha)Damals noch geblasen, aber heute macht sie so (Hä?)(Ring, ring, pussy, it's your mummy on the phone) (Yeah)[Hook]Wo ich bin, sind die Cops auch nicht mehr weit (Auch nicht mehr weit, ahh)Kokain macht nicht locker, sondern steif (macht nicht locker, sondern steif, ja)Ganz egal, ob Deutschland, Österreich und Schweiz (Österreich und Schweiz)Ich geh' auf die Straße, ein paar Kopfnüsse verteil'n (Ein paar Kopfnüsse verteil'n, ja)Wo ich bin, sind die Cops auch nicht mehr weit (Auch nicht mehr weit, ahh)Kokain macht nicht locker, sondern steif (macht nicht locker, sondern steif, ja)Ganz egal, ob Deutschland, Österreich und Schweiz (Österreich und Schweiz)Ich geh' auf die Straße, ein paar Kopfnüsse verteil'n (Ein paar Kopfnüsse verteil'n, ja)"
"Gzuz","Späti","https://genius.com/Gzuz-hinterher-lyrics","2323694","[Songtext zu „Hinterher“][Part 1]Heut weiß ich's besser, doch es gab auch andre ZeitenVor zwölf Jahren kamen jede Woche StrafanzeigenEs war klar - Ich konnte nicht bei Mama bleibenNein (nein) - Kennst du in das kalte Wasser schmeißenMit vierzehn Jahren allein auf den Straßen (Oh)Die Attitüde: Ich lass mir nichts sagen (Nä)Genie und Wahnsinn liegt nah beieinander (Ah)Heut bin ich dankbar, denn Mama war da (Ja)Denn wenn du freidrehstWenn du nur für den Schein lebstSiehst du nicht, dass sie leidetImmer gesagt „Ist nicht gut, was du machst"" (Nä)Und trotzdem nicht einmal Besuchstag verpasstUnd auch wenn sie sagten „Ihr Kind baut nur Scheiße""Ist sie gekomm'n, hat mich immer verteidigtHat in ihrem Sohn nur das beste geseh'nIch würd' mich gern bedanken aber jetzt ist's zu spät[Hook]Denn hinterher weiß man besserIm Nachhinein ist man schlauerDu weißt nie, was die nächste Flut mit sich bringtAlso halte zu denen, die dir wichtig sindDenn hinterher weiß man besserIm Nachhinein ist man schlauerDu weißt nie, was die nächste Flut mit sich bringtAlso halte zu denen, die dir wichtig sind [Part 2]Ich verfolgte nur ein'n FilmDoch wollt' sie nie wein'n seh'nHeute muss ich eingesteh'n, in meinem Leben gab es ein'n Haufen ScheißeUnd meistens war's meine (Ja, ja, ja, ja)Mama meinte „Lass es doch einfach mal sein, Mensch""Früher hab' ich abgewunken, heut würd ich gern einfach quatschen (Ja)Auf'n Kaffee komm'n und Rat einhol'n in manchen SachenKeine Kohle, aber immer lecker Essen daDie Liebe in der Bolognese kannst du nicht mit Cash bezahl'nDoch ich bin ein Mensch und wir haben unsre SchwächenSo viele Fehler und geplatzte Versprechen (Ah)Ich wusste, irgendwann wird das Ganze sich rächenDer Tag würde komm'n und man kann nicht mehr sprechenNochmal zusamm'n lachen, dafür ist es zu spät (Woah)Hoff' du siehst, ich bin auf dem richtigen WegWill dir damit sagen, dass dein Sohn dich vermisst (Für Mama)Doch an dem Verlust nicht zerbricht[Hook]Denn hinterher weiß man besserIm Nachhinein ist man schlauerDu weißt nie, was die nächste Flut mit sich bringtAlso halte zu denen, die dir wichtig sindDenn hinterher weiß man besserIm Nachhinein ist man schlauerDu weißt nie, was die nächste Flut mit sich bringtAlso halte zu denen, die dir wichtig sind"
"Sido","Mama hat gesagt","https://genius.com/Sido-ausm-weg-lyrics","54833","[Intro]S-I-D-O-B-T-I-G-H-T-A-I-D-S-D-I-E-S-E-K-T-EA-Doppel-G-R-O-B-E-R-L-I-N-F-I-C-K-D-I-C-HS-I-D-O-B-T-I-G-H-T-A-I-D-S-D-I-E-S-E-K-T-EA-Doppel-G-R-O-B-E-R-L-I-N-F-I-C-K-D-I-C-H[Part 1]A wie aller Anfang muss erstmal gemacht seinA wie alles klar, aber erstmal rauch' ich ein'A wie ach du scheiße, Sido macht 'n AlbumA wie auf jeden, hier is' es, zieh's dir reinU wie uuuhhh, bist du billig undU wie unrap, U wie unglaublich whackDass du U wie unbeliebt bist, ist U wie untertriebenU wie unendlich viele Menschen, die mich liebenS wie ""Staiger, halt dein Maul""S wie Siggi macht den BeatS wie so macht man MusikS wie Specter macht die GraphikS wie ""Salope tu suçes mon optique, salope tu suçes ma bite""M wie mach' ein TrackZeig' ihn mir, ich find' ihn schlechtM wie Mama hat gesagt, keiner hat RechtM wie MC's in Deutschland passt aufHier kommt ein M wie MannHört ihm zu, er hat's drauf [Hook]Aus'm Weg, jemand hat Sido wiederbelebtLasst ihn durch, nach vorne, er hat euch was zu sagenGeht an den Rand und seid nett, wenn ihr ihn sehtQuatscht ihn nicht voll, geht einfach aus'm WegAus'm Weg, jemand hat Sido wiederbelebtLasst ihn durch, nach vorne, er hat euch was zu sagenGeht an den Rand und seid nett, wenn ihr ihn sehtOder leckt seine Eier und dann schnell aus'm Weg[Part 2]W wie was spricht dagegenDass W wie wenn ich da bin sich die Gemüter erregen (""Was soll das?"")W wie Westberlin, W wie wo wohnst duW wie warum komm' ich in den Raum und schrei' buh?E wie egal, E wie erstmal einen rauchenE wie Ecstasy auf Technopartys verkaufenE wie eine lange Nase reines KokainE wie einen Track aufnehmen und Geld verdien'nG wie ich geh' nicht, nur weil du das sagstG wie ""Gebt Sido keine Drogen!"" sagt der ArztG wie drauf geschissen, G wie großer JointWenn du Rap erst ab jetzt hörst, hast du nichts versäumt[Hook]Aus'm Weg, jemand hat Sido wiederbelebtLasst ihn durch, nach vorne, er hat euch was zu sagenGeht an den Rand und seid nett, wenn ihr ihn sehtQuatscht ihn nicht voll, geht einfach aus'm WegAus'm Weg, jemand hat Sido wiederbelebtLasst ihn durch, nach vorne, er hat euch was zu sagenGeht an den Rand und seid nett, wenn ihr ihn sehtOder leckt seine Eier und dann schnell aus'm Weg [Bridge]S-I-D-O-B-T-I-G-H-T-A-I-D-S-D-I-E-S-E-K-T-EA-Doppel-G-R-O-B-E-R-L-I-N-F-I-C-K-D-I-C-HS-I-D-O-B-T-I-G-H-T-A-I-D-S-D-I-E-S-E-K-T-EA-Doppel-G-R-O-B-E-R-L-I-N-F-I-C-K-D-I-C-H[Part 3]S wie der Stress, den du kriegst, wenn ich am Mic binOder wenn du mich fragst, wie cool ich mit B-Tight binI wie informier' dich, bevor du mich interviewstOder ich steck' deine Fragen in deinen Arsch mit meinem FußD wie Deutschland kann nach Hause geh'nDenn meine Crew und ich fang'n an aufzudreh'nO wie OK, wenn du willst, geh K.OSido, Westberlin, A.i.d.S., Die Sekte, Aggro[Hook]Aus'm Weg, jemand hat Sido wiederbelebtLasst ihn durch, nach vorne, er hat euch was zu sagenGeht an den Rand und seid nett, wenn ihr ihn sehtQuatscht ihn nicht voll, geht einfach aus'm WegAus'm Weg, jemand hat Sido wiederbelebtLasst ihn durch, nach vorne, er hat euch was zu sagenGeht an den Rand und seid nett, wenn ihr ihn sehtOder leckt seine Eier und dann schnell aus'm WegAus'm Weg, jemand hat Sido wiederbelebtLasst ihn durch, nach vorne, er hat euch was zu sagenGeht an den Rand und seid nett, wenn ihr ihn sehtQuatscht ihn nicht voll, geht einfach aus'm WegAus'm Weg, jemand hat Sido wiederbelebtLasst ihn durch, nach vorne, er hat euch was zu sagenGeht an den Rand und seid nett, wenn ihr ihn sehtOder leckt seine Eier und dann schnell aus'm Weg [Sample: Ludacris]Move bitchMove bitch, get the fuck backMove bitch, get out the wayMove bitchMove bitchMove bitch, get the fuck backMove bitch, get out the wayGet out the way, bitch, get out the wayMove"
"Sido","Schlechtes Vorbild","https://genius.com/Sido-schlechtes-vorbild-lyrics","85821","[Songtext zu „Schlechtes Vorbild“][Intro]Scheißegal, eh (Eh)[Part 1]Das Gesetz bedeutet nix für michIch geb' schon immer 'n Fick drauf, was richtig ist (Eh)Ich hab' 'ne große Fresse, auch wenn du ein Grizzly bistMein Freund, ich bin, wie ich bin, Mann, es ist, wie's istIch hab' 'ne Abneigung gegen Lehrer (Pff) und 'ne Sechs in Mathe (Eh)Ich hab's ihm einfach weggenomm'n, wenn er was Bessres hatte (Eh)Ich behalt' alles für mich, ich geb' nie ab (Eh-eh)Ich scheiß' auf Mitleid und Gefühl, ich geb' 'n Fiack (Ah-hah)Ich bin unberechenbar, ich lass' nicht mit mir reden (Eh)Ich hab' kein Problem damit, die Kasse mitzunehmen (Chyeah)Und dir 'n Tritt zu geben (Eh), wenn du mich stresst, du Penner (Heh)Denn wir hier bei der Sekte regeln das wie echte MännerHomeboy, ich kann es seh'n, du würdest gerne sein wie ich (Yeah)Du würdest alles tun für ein Leben aus meiner Sicht (Eh)Denn deins ist langweilig, du bist brav wie immer (Hah)Und ich geh' ab, los, mach's mir nach, du Spinner (Oh)[Hook]Ich bin all das, wovor deine Eltern dich immer gewarnt hab'n (Oh)Doch ich hab' Geld, hab' Frau'n, hab' Spaß und du musst immer noch Bahn fahr'n (Oh)Ich bin ein schlechtes Vorbild (Oh), na und? Wer sagt, was schlecht ist? (Oh)Ich passe nicht in dein Konzept, egal, mir geht es prächtig (Oh)Pass gut auf (Eh), hör mir zu, mach's mir nach (Mach's mir nach, du Spinner!)Ich bleib' so, wie ich bin, egal, was ihr sagt (Yeah, yeah, ah, ah) [Part 2]Mein Körper ist eine Ruine, denn ich nehm' viele DrogenImmer wenn ich high bin, mutiere ich zum Philosophen (Hm)Die Welt ist klein, denn ich betrachte sie von obenIch bin unerzogen, abgehoben, haut ab, ihr Idioten (Chyeah)Ich trinke wie ein Loch (Eh), doch das ist meine SacheWarum ist das ein Problem? Weil ich's nicht heimlich mache? (Heh?)Ich bin immer ehrlich und ja, ich bin gefährlichIch nehm' den Laden aus'nander und tu' so, als wär nichts (Hah)Ich hab' kein'n Respekt (Eh), ich bin zu keinem nett (Eh)Und wenn dein neues Handy weg ist, hab' ich's eingesteckt (Chyeah)Ich bin ein Rüpel, ein Raudi und ich kann Nerven sägen (Eh)Gib mir 'ne Glotze und 'n Joint, ich brauch' nicht mehr zum Leben (Eh-eh)Man sucht mein Herz vergebens (Eh), ich kann kei'm trau'n (Yeah)Das ist der Ernst des Lebens? (Aha) Erstma' einen bau'nIch schwing' an der Lampe durchs Zimmer wie Tarzan (Hah)Ich bin der, vor dem sie dich immer gewarnt hab'n (Oh)[Hook]Ich bin all das, wovor deine Eltern dich immer gewarnt hab'n (Oh)Doch ich hab' Geld, hab' Frau'n, hab' Spaß und du musst immer noch Bahn fahr'n (Oh)Ich bin ein schlechtes Vorbild (Oh), na und? Wer sagt, was schlecht ist? (Oh)Ich passe nicht in dein Konzept, egal, mir geht es prächtig (Oh)Pass gut auf (Eh), hör mir zu, mach's mir nach (Mach's mir nach, du Spinner!)Ich bleib' so, wie ich bin, egal, was ihr sagt (Yeah, ah)Ich scheiß' 'ne Wurst drauf [Part 3]Wenn euer Kind versucht, wie ich zu sein, dann lasst es machenMan lernt nicht, dass Feuer heiß ist, ohne es mal anzufassenWoher wollt ihr wissen, was gut ist, wenn nichts schlecht ist, heh?Wenn nichts schön ist, bin ich auch nicht hässlich (Eh-eh)Seid doch ehrlich (Eh), ihr wart doch auch mal jungUnd habt gekifft oder woher komm'n die Raucherlung'n? (Hah)Tut nicht so, als wenn ihr Engel wart, ihr habt Leichen im Keller (Yeah)Wie jeder andere (Eh), also seid leise, ihr Penner (Shh)Vertraut euerm Kind, ihr werdet nicht enttäuschtMeine Mutter hat das auch geschafft und sie hat es nicht bereut (Eh)Du musst einfach das Kind in dir rauslassen (Chyeah)Bis deine Kinder auf ihre Kinder aufpassen (Oh)[Hook]Ich bin all das, wovor deine Eltern dich immer gewarnt hab'n (Oh)Doch ich hab' Geld, hab' Frau'n, hab' Spaß und du musst immer noch Bahn fahr'n (Oh)Ich bin ein schlechtes Vorbild (Oh), na und? Wer sagt, was schlecht ist? (Oh)Ich passe nicht in dein Konzept, egal, mir geht es prächtig (Oh)Pass gut auf (Eh), hör mir zu, mach's mir nach (Mach's mir nach, du Spinner!)Ich bleib' so, wie ich bin, egal, was ihr sagt (Yeah, ah)"
"Sido","Geschlossene Augen","https://genius.com/Lyran-dasz-helenas-hell-lyrics","2947950","[Songtext zu „Helena's Hell“][Sample]I will be summertime when skys are greyI will be comforting on a dreary-dayYou don't have to worry, I am here to stayI'll sing a lullaby, so drift away[Hook]Meine Liebe zu dir tötet michFleh' meine Dämonen an: „Tötet mich“Der Fall nachts vom Dach tötet michEhrgeiz, Eifersucht tötet michMeine Liebe zu dir tötet michFleh' meine Dämonen an: „Tötet mich“Der Fall nachts vom Dach tötet michEhrgeiz, Eifersucht tötet mich[Part 1]Ich muss weg, weg irgendwannKlinge ran, wieder fall'nMachst gut, ich hab' mein Leben genossenUnd parallel dazu mir in den Schädel geschossenIch mach 'nen drauf, komplett die Gefühle geficktDas meine Neue nach mir weinte, Mann berührte mich nichtMan ich spürte, halt nichtsWas mit mir los? Wer das weißIch bin betäubt von dem Scheiß [Part 2]Guck mich an, ich bin scheintotBesser bleib fort, denn ob ich's will oder nichtKommst du mir näher, wird's verletzend für dichIch hab' mich in ihr gefangenNur ihre Augen glänzen wie ein DiamantKeiner sagt wir gehören zusammenDoch keiner fragt wie es mit uns entstand'Wenn sie nur wüsstenWillst du mein Herz? Ich gib' dir ein StückchenMein Schmerz hat nie nachgelassenMich leben lassen tun die kleinen SachenDu machst mich glücklichBin wegen dir nicht vernünftigIch will mit dir alle Wege teilenDas ist kein Moment, das ist LebenszeitDoch du willst es nicht, du lässt es nicht zuIch bin krank im Kopf, aber ähnlich wie du[Sample]I will be summertime when skys are greyPulling to the east-side are your memoriesYou don't have to worry, I am here to stayI'll sing a lullaby, so drift away[Hook]Meine Liebe zu dir tötet michFleh' meine Dämonen an: „Tötet mich“Der Fall nachts vom Dach tötet michEhrgeiz, Eifersucht tötet michMeine Liebe zu dir tötet michFleh' meine Dämonen an: „Tötet mich“Der Fall nachts vom Dach tötet michEhrgeiz, Eifersucht [Hook 2]Drei Stunden diskutieren ohne KontextLage spitzt sich zu wegen mei'm SongtextAlles was ich schreibe ich, bereu' esDoch rauch' die Interessen in 'nem Joint wegDrei Stunden diskutieren ohne KontextLage spitzt sich zu wegen mei'm SongtextAlles was ich schreibe, ich bereu' esDoch rauch' die Interessen in 'nem Joint weg[Outro]Ich bin krank im Kopf, aber ähnlich wie du08.06.16, es ist still"
"Sido","Astronaut","https://genius.com/Sido-astronaut-lyrics","2249514","[Songtext zu „Astronaut“ ft. Andreas Bourani][Intro: Andreas Bourani]Ich heb' ab, nichts hält mich am BodenAlles blass und grauBin zu lange nicht geflogenWie ein Astronaut[Part 1: Sido]Wir laufen rum mit der Schnauze voll, die Köpfe sind leerSitzen im Dreck bis zum Hals, haben Löcher im HerzErtränken Sorgen und Probleme in 'nem Becher voll WeinMit einem Lächeln aus Stein, uns fällt nichts Besseres einWir hab'n morgen schon vergessen, wer wir gestern noch war'nHab'n uns alle vollgefressen und vergessen zu zahl'nLassen alles steh'n und liegen für mehr Asche und StaubWir woll'n alle, dass es passt, doch wir passen nicht auf[Pre-Hook: Sido]Die Stimme der Vernunft ist längst verstummt, wir hör'n sie nicht mehrDenn manchmal hab'n wir das Gefühl, wir gehör'n hier nicht herEs gibt kein Vor und kein Zurück mehr, nur noch unten und obenEiner von hundert Million'n, ein kleiner Punkt überm Boden, ich heb' ab[Hook: Andreas Bourani]Ich heb' ab, nichts hält mich am BodenAlles blass und grauBin zu lange nicht geflogenWie ein AstronautIch seh' die Welt von obenDer Rest verblasst im BlauIch hab' Zeit und Raum verloren hier obenWie ein Astronaut [Part 2: Sido]Im Dunkel der NachtHier oben ist alles so friedlich, doch da unten geht's abWir alle tragen dazu bei, doch brechen unter der LastWir hoffen auf Gott, doch hab'n das Wunder verpasstWir bauen immer höher, bis es ins Unendliche gehtFast acht Milliarden Menschen, doch die Menschlichkeit fehltVon hier oben macht es alles plötzlich gar nichts mehr ausVon hier sieht man keine Grenzen und die Farbe der Haut[Pre-Hook: Sido]Dieser ganze Lärm um nichts verstummt, ich hör' euch nicht mehrLangsam hab' ich das Gefühl, ich gehöre hierherEs gibt kein Vor und kein Zurück mehr, nur noch unten und obenEiner von hundert Million'n, ein kleiner Punkt überm Boden[Hook: Andreas Bourani & Sido]Ich heb' ab, nichts hält mich am BodenAlles blass und grauBin zu lange nicht geflogenWie ein Astronaut (Oh)Ich seh' die Welt von obenDer Rest verblasst im Blau (Yeah)Ich hab' Zeit und Raum verloren hier obenWie ein Astronaut [Post-Hook: Andreas Bourani](Oh-oh, oh-oh-oh)Wie ein Astronaut(Oh-oh, oh-oh-oh)[Bridge: Andreas Bourani]Und beim Anblick dieser SchönheitFällt mir alles wieder einSind wir nicht eigentlich am LebenUm zu lieben, um zu sein?Hier würd ich gern für immer bleibenDoch ich bin ein WimpernschlagDer nach fünf Milliarden JahrenNicht viel mehr zu sein vermag[Hook: Andreas Bourani & Sido]Ich heb' ab (Oh), nichts hält mich am Boden (Ah)Alles blass und grau (Yeah) ‏‏‎ ‎ ‏‏‎ ‎‏‏‎Bin zu lange nicht geflogenWie ein Astronaut (Oh)Ich seh' die Welt von oben (Ah)Der Rest verblasst im Blau (Im Blau)Ich hab' Zeit und Raum verloren hier obenWie ein Astronaut[Post-Hook: Andreas Bourani & Sido](Oh-oh, oh-oh-oh; yeah)Wie ein Astronaut (Oh)(Oh-oh, oh-oh-oh; ah)Wie ein Astronaut"
"Sido","Mit Dir","https://genius.com/Sido-mit-dir-lyrics","7399424","[Songtext zu „Mit Dir“][Intro]Ich bin nur komplett mit dirIch teile mein Bett mit dirHab' so gerne Sex mit dirAm besten jetzt und hierIch würd alles teil'n mit dirBin so gern allein mit dirBaby, ich wein' mit dirAlso bleib bei mir[Part 1]Ich lache mit dir, ich leide mit dirKomm' morgens nach Hause, zähl' Scheine mit dirBetrunken mit dir, am Ende mit dirHerz repariert, jetzt schenk' ich es dirAm Boden mit dir, geflogen mit dirEs ist so viel passiertDurch die Hölle mit dirBekämpfe mit dir die Dämonen in mirIch werd' besser durch dich, ich lerne von dirIch lebe mit dir und ich sterbe mit dirZu Hause mit dir, um die Erde mit dirMit dir versetze ich BergeVerprass' hundert Riesen mit dirDas Leben genießen mit dirDu warst bei mir, da war niemand mehr hierBin ich weg, trägst du ein T-Shirt von mir [Hook]Ich bin nur komplett mit dirIch teile mein Bett mit dirHab' so gerne Sex mit dirAm besten jetzt und hierIch würd alles teil'n mit dirBin so gern allein mit dirBaby, ich wein' mit dirAlso bleib bei mir[Part 2]Ich bleibe wach mit dir, mach's mit dirIch versteh' nicht, was du machst mit mirBaue den Kindern ein Dach mit dirTanke wieder neue Kraft mit dirGegenwind nehm' ich in KaufHauptsache, ich wache neben dir aufBaby, für dich würd ich alles riskier'nAuch, wenn ich am Ende alles verlier'Ich liege nackig am Strand auf Hawaii mit dirWenn niemand uns seh'n kann, dann zeig' ich's dirWo es uns hintreibt, da bleiben wirMach' es wie Bonnie und Clyde mit dirIch versteh' auch, wenn du zweifelst hierGeht das hier und da viel zu weit mit mirDoch ich bin am liebsten zu zweit mit dirUnd high mit dir, bitte bleib mit mir [Hook]Ich bin nur komplett mit dirIch teile mein Bett mit dirHab' so gerne Sex mit dirAm besten jetzt und hierIch würd alles teil'n mit dirBin so gern allein mit dirBaby, ich wein' mit dirAlso bleib bei mir[Bridge]Ich bin nur komplett mit dirIch bin nur komplett mit dir[Outro]Ich bin nur komplett mit dirIch teile mein Bett mit dirHab' so gerne Sex mit dirAm besten jetzt und hierIch würd alles teil'n mit dirBin so gern allein mit dirBaby, ich wein' mit dirAlso bleib bei mir"
"CRO","Einmal um die Welt","https://genius.com/Cro-bei-dir-lyrics","181302","[Part 1]Sie hätte gerne, dass ich bleib', doch ich geh'Bin wiedermal allein unterwegsUnd Babe, es tut mir Leid. Ich will nur, dass du weißtAuch wenn ich's selten zeig', würde ich dich gerne sehenEs ist nicht immer leicht, das kann ich schon verstehenHaben hin und wieder Streit über lächerliche ThemenDabei ist alles geil und alles ist okayVerlieren zu viel Zeit, also lass uns nicht mehr redenUnd ja, wir checken ein, Hotel Nummer 100Bau' eine Bombe, die Welt geht nicht unterIch würde gerne teilen, denn wie soll's anders sein?Bin wiedermal allein, denn mein Babe ist daheimEin paar Wochen sind vorbei, bin ich schon gewohntUnd nimmt man es zusammen, war ich sicher schon beim MondUnd träume von Hawaii in einem kleinen BootUnd auch, wenn ich zurzeit nicht mehr weiß, wo ich wohn'Bin ich bei dir daheim[Hook]Mir ist egal, wo du bist, GirlDenn sind wir zu zweitDann bin ich bei dir daheimMir ist egal, wo du bist, Girl (Ey)Denn sind wir zu zweitDann bin ich bei dir daheim [Part 2]Und manchmal lieg' ich Nächte lang wachUnd denke: „Krass, alles passt, ist perfekt, wie du's machst“Und, dass ich bin, wie ich bin, liegt im Grunde an dirDenn du hast mir gezeigt, Geld ist nur buntes PapierUnd wenn ich wiedermal allein im Hotelzimmer sitz'Fällt mir auf, Baby, einmal um die Welt war'n WitzDenn das Bett ist zwar groß, die Gemälde sind schickDoch ich will eigentlich nur'n Haus, eventuell ein paar KidsUnd ich weiß, du wünschst, ich würde dir mehr so Dinge sagenDoch allein bei dem Gedanken rutscht mein Herz in meinen MagenWieso hab' ich das gesagt?Worte schmerzen mehr als TatenUnd ich weiß, jede Verletzung hinterlässt am Ende NarbenAber, Baby, tut mir leid, ich will nur, dass du weißtIch war in meinem Leben nie so glücklich wie zurzeitUnd ich weiß, für dich ist es gerade nicht so leichtAber, Babe, halte durch, ich bin bald wieder bei dir daheim[Hook]Mir ist egal, wo du bist, GirlDenn sind wir zu zweitDann bin ich bei dir daheimMir ist egal, wo du bist, Girl (ey)Denn sind wir zu zweitDann bin ich bei dir daheim"
"CRO","Ein Teil","https://genius.com/Mc-odyse-ensemble-lyrics","3629298","[Couplet 1]Hey hey, yes yes !Et j'avais pas capté la vie c'est des souvenirs qu'on captureJe me focalise, sur le côté triste de celle-ci et c'est absurdeJ'perds mon temps tête dans les nuages à compter sur les autresDans le miroir quelqu'un me dévisage je reconnais mes tordsCelui d'aller à, contrecourant à la recherche du risquePas le permis, je dois vous l’admettre, je dois me préparer au pireChaque jour j'engrange un peu plus de confiance en moiJe relève la tête, je connais mon rôle arrêtez le cinémaMe plaindre n'arrangera pas les choses, j'en ai conscienceLe travail paye seulement avec acharnement et constanceL'existence est un combat donc si je tombe je remets les gantsJe remplirai ma part du contrat, confiant je connais mes chancesClairvoyant et carte en main la partie est bien plus facileLogique que je vienne à m'envoler tant ma plume me fascineJ’ai prit le large la route est longue l’équipage garde le capL’histoire s’écrit chaque jour et c’est la passion par le rap[Refrain]Ensemble on s’est serré les coudes, on a bouffé les pâtesOn a vomit nos textes sur Youtube histoire que tu les téléchargentEnsemble on s ‘est creusé la boule on a gratté les phasesOn a promis au cro-mi nos rêves à la foule sans modifier le messageEnsemble on s’est serré les coudes, on a bouffé les pâtesOn a vomit nos textes sur Youtube histoire que tu les téléchargentEnsemble on s ‘est creusé la boule on a gratté les phasesOn a promis au cro-mi nos rêves à la foule sans modifier le message [Couplet 2]Je pensais être prêt à prendre la route, les pétales de roses s’envolentJ’ai vu la cime qu’ils m’ont brûlés déçu de la suite trêve on s’endort[Etam Tom fort]? t’y verras rien d’autre la chaleur du bitumes me freineA 3 grammes choisi va par froid ou dire la biture m’aideSaleté de vice on se gratte le crâne du soir au matinEvite de perdre la tête on aire à l’Ouest depuis que chaque soir laisse place au chagrinTrou noir à l’horizon rien à par ces quelques notesOn apprend de ce qui nous dessert sans trop savoir c’est presque drôlePour ces jours où je perds patience fini calé et ferme la fenêtreCes années n’ont qu’effacés toutes mes armes et je dois me l’admettreJ’ai perdu l’tas la notion de bon sens l’amour ne me fait pas confianceSavour la vie de chaque jour j’arrive à me dire qu’on est à bon portEt [mère me block la traché]? s’empare du résultatA hurler du soir au matin on se détox s’il reste une tafEt J’ai plus le time sur de rien je pense qu’à remettre à plus tardCe qui ralentis ma chute hélas ne l’accélère pas d’une part[Couplet 3]Je connais ma cogite sous gros shit avant de passer à l’encrierAllons crier sur tous les toits ou foncer trimer tous les soirsIndétrônable c’est le rap hein des connards infréquentableMoi je suis sensé t’attaquer sans états d’âmesToujours la rue des hommes fatalesJe ne renaît pas de mes cendresJe suis trop prêt de ma terre nataleLe raisonnement est simple on prie pour pas que le réseau changeFait clairement le singe jamais mais sans le sourire au dentIci la ‘teil de Grant se bute avec l’équipeCa chante 3 heure du mat’ avec les tripes, ça pue la friteJe connais le patron du grec du coin je connais la suiteDemain n’est pas si loin je suis resté [tension fé-ca]?Agrippé au ton-car tu me voir faire ça et pas plusEt donc accoudé au comptoir pas d’omerta c’est d’jà sûrPas très alaise quand il s’agit de parler de la chuteRevoir ton pote, trouver l’envole dans le parachuteLa balle au pied, comment trouver le chemin des butsIl faut tafer les mains bloquer au fond des poches du fute [Refrain]Ensemble on s’est serré les coudes, on a bouffé les pâtesOn a vomit nos textes sur Youtube histoire que tu les téléchargentEnsemble on s ‘est creusé la boule on a gratté les phasesOn a promis au cro-mi nos rêves à la foule sans modifier le messageEnsemble on s’est serré les coudes, on a bouffé les pâtesOn a vomit nos textes sur Youtube histoire que tu les téléchargentEnsemble on s ‘est creusé la boule on a gratté les phasesOn a promis au cro-mi nos rêves à la foule sans modifier le message[Couplet 4]Ensemble rien n’est possible, mon caractère en guise de kryptoniteC’est drôle j’imortalise les moments de ma vie les plus dépressifsFréro je dépérit, conso 8-6 à té-co de l’épicerieAvec les potos pour rentrer on marche comme des équilibristesLa chance est un état d’espritC’est ce que me répond le pervers qui nous a prit en stopA 808 [star celui-ci]?Ca nous pousse à réfléchir aux [shlags debo]? j’midentifieJe suis ce mec trop pauvre en rimes pour essayer de quitter la villeToujours un pas devant l’autre ce soir je rentre pas avant l’aubeOn se tape une teil un croc avec la mif sans penser à autre choseC’est que de l’impro on en profite car la vie fait rarement de cadeauxOuvrir ma bande depuis les livres de fesse dans le sac à dosOn était jeune et con mais qu’est-ce qu’ils racontentC’est comme dire que la maison s’effondre sous le poids de ses fondationsGénération film d’action déçu de voir ce que devient ce mondeY’a pas de jésus dans l’histoire pour arrêter nos bombes [Refrain]Ensemble on s’est serré les coudes, on a bouffé les pâtesOn a vomit nos textes sur Youtube histoire que tu les téléchargentEnsemble on s ‘est creusé la boule on a gratté les phasesOn a promis au cro-mi nos rêves à la foule sans modifier le messageEnsemble on s’est serré les coudes, on a bouffé les pâtesOn a vomit nos textes sur Youtube histoire que tu les téléchargentEnsemble on s ‘est creusé la boule on a gratté les phasesOn a promis au cro-mi nos rêves à la foule sans modifier le message"
"CRO","Märchenwald","https://genius.com/Cro-and-jolle-marchenwald-lyrics","11532871","[Songtext zu „Märchenwald“][Refrain: jolle & CRO]Alle Märchen sind gelogenDie Sterne, die wir seh'n, sind schon lange totIch schau' trotzdem nur nach obenIch find' die Welt sonst oft zu großImmer zwei Fuß breit überm Boden zur SicherheitVerlier' den Halt bei jedem Schritt, ich hoff', ist nicht mehr weitDacht, das wird anders, wenn ich groß binDoch alle Märchen sind gelogen (Yeah, ey)[Strophe 1: CRO]Kleiner Scheißer mit paar Flecken auf den LatzhosenDachte, die Welt reicht nur zum Keller bis zum DachbodenGraben den Garten um, bis wir auf ein'n Schatz stoßenShots heißt heute, dass wir eine Runde Schnaps hol'n, damnSo viele Null'n wie im ComputerprogrammDoch ich bleib' super entspannt, hab' vor der Zukunft nie AngstIch seh' die Fußspur'n im Sand und lauf' ihn'n nachGanz egal, wohin sie führ'n, ich will den Fahrtwind immer spür'n, yeah, yeahUnd denk' nicht daran, dass ich mal zurück mussAuch wenn's mal doller regnet wie in StripclubsDie letzte Geige spielt ein Lied auf diesem SchiffsbruchUnd jeder tanzt zum Algorithmus [Refrain: jolle, CRO, Beide]Ich hoff', die Welt ist nicht verlorenWenn doch, dann sag's mir bitte nichtKopf an den Wolken angestoßenWart' auf den Blitz, bis er mich trifftWeiß nicht wie lang, doch vielleicht komm' ich anFrag' mich, wann, und wenn ja, was ist dann?Ja, alle Märchen sind gelogenDoch diese Welt ist nicht verloren[Strophe 2: jolle]Selbst der Himmel ist nicht hoch genugWo ich auch hinwill, ich komme nicht anGuck' euch all'n von hier oben zuWolke sieben hält mich gefang'nJa, ich weiß, wenn ich bleib', gibt's kein'n Weg zurückUnd falls doch, hab' ich eh kein GlückSelbst der Himmel ist nicht hoch genugWo ich auch hinwill, ich komme nicht an[Bridge: CRO]Ich dacht, die Welt ist 'ne LeinwandAuf der ich alles sein kannIch wollte ball'n wie in Space JamErwachsen werden ist safe Scam [Outro: CRO & jolle, jolle]Denn alle Märchen sind gelogenDie Sterne, die wir seh'n, sind schon lange totMich zieht die Schwerkraft hin zum BodenUnd trotzdem schaue ich hoch"
"CRO","Traum","https://genius.com/Cro-traum-lyrics","395516","[Songtext zu „Traum“][Intro]Yeah[Part 1]Baby, nimm meine Hand, ich hab' alles schon gepacktKomm, wir beide geh'n weg von hierSieh, der Jet ist getankt, ich hab' Geld auf der BankUnd noch jede Menge Plätze hierUnd immer, wenn du einsam bist, komm' ich rumDu musst nie wieder alleine seinDenn immer, wenn ich dich seh', macht es in mir tick-tick-boomSo wie Dynamite[Pre-Hook]Aha, und alle anderen Girls wär'n gern wie duAha, denn du bist wunderschön und gefährlich klugEy yo, und ich hoff', dass du mich siehstIch bin verliebt und hab' kein'n Plan, ob es dich gibt[Hook]Doch manchmal träum' ich nur von dirBitte sag, was muss ich tun, dass du mich hörst?Denn ich wär heut so gern bei dirUnd ich glaub', ich fänd es cool, wenn du mir gehörstIch fühl' mich so allein, weiß nicht, ob's dich gibtUnd egal, wie laut ich schrei', sie hört mich nichtDoch sie ist grade irgendwo und denkt vielleicht an michHey Baby, bitte schreib, wenn es dich gibt [Part 2]Jeden Tag unterwegs und ich seh' viele GirlsAber, Baby, ey, ich find' dich nichtUnd es gibt so viele Girls, die behaupten, sie wär'n duDoch ich sag', „Ey, Mann, das stimmt doch nicht“Doch ich hab' echt kein'n PlanUnd ich frag' mich, ob du überhaupt meine Sprache sprichstDoch du bist eine von den'n, die man nicht suchen darfSondern irgendwann mal auf der Straße trifft[Pre-Hook]Aha, und, Baby, ich schrieb jedes Lied für dichAha, doch bin alleine, denn sie sieht mich nichtAha, ich hoff', dass es geschieht, ich bin verliebtDoch hab kein'n Plan, ob es dich gibt[Hook]Doch manchmal träum' ich nur von dirBitte sag, was muss ich tun, dass du mich hörst?Denn ich wär heut so gern bei dirUnd ich glaub', ich fänd es cool, wenn du mir gehörstIch fühl' mich so allein, weiß nicht, ob's dich gibtUnd egal, wie laut ich schrei', sie hört mich nichtDoch sie ist grade irgendwo und denkt vielleicht an michHey Baby, bitte schreib, wenn es dich gibt [Part 3]Baby, warte nicht so lange, denn ich bin nicht gerne alleineUnd bemerke jede Nacht, mein Bett ist zu großDeshalb hätt ich gerne dich an meiner SeiteIch kann nur noch an dich denken, Mann, es lässt mich einfach nicht losUnd wenn du mich da draußen grade hörstDann bitte warte kurz auf mich, ich bin direkt bereit und fahr' losDoch wenn nicht, geh' ich einsam ins BettUnd hoff', dass ich gleich wieder penn'[Hook]Denn manchmal träum' ich nur von dirBitte sag, was muss ich tun, dass du mich hörst?Denn ich wär heut so gern bei dirUnd ich glaub', ich fänd es cool, wenn du mir gehörstIch fühl' mich so allein, weiß nicht, ob's dich gibtUnd egal, wie laut ich schrei', sie hört mich nichtDoch sie ist grade irgendwo und denkt vielleicht an michHey Baby, bitte schreib, wenn es dich gibt"
"CRO","Bye Bye","https://genius.com/Cro-bye-bye-lyrics","73979","[Songtext zu „Bye Bye“][Part 1]Yeah, es ist ein unglaublich schöner Tag, und draußen ist es warmEr ist auf dem Weg nach Hause mit der BahnSchaut aus dem Fenster, lässt Gedanken freien LaufLehnt sich ganz entspannt zurück, denn er muss lange noch nicht raus'N paar Menschen steigen ein, and're wieder ausEr wechselt grad das Lied und plötzlich stand da diese FrauUnd er dachte sich „Wow""Sagte „Klar, der Platz ist frei.“, sie lachte und er dachte sich nur„Bitte komm, sprich sie anDas ist das Schönste, was du je gesehen hastUnd sie hat sicherlich kein'n Mann (Mann)Stell dich nicht so an (An)Wenn nicht jetzt, wann (Dann)?Doch alles, was man hört, ist mein Herzschlag“[Hook]Was soll ich nur sagen? Irgendwas knockt mich ausIch bin ein Versager, weil ich mich doch nicht trau'Mein Kopf ist voller Wörter, doch es kommt nichts rausSie steht auf, steigt aus und sagt:„Bye-bye, bye-bye meine Liebe des LebensUnd ja, wir beide werd'n uns nie wieder seh'nKann schon sein, dass man sich im Leben zweimal begegnetDoch es beim zweiten Mal dann einfach zu spät ist“ [Part 2]Es ist ein unglaublich schöner Tag, und draußen ist es warmSie hat Bock auf Shopping, also in die StadtSie braucht so Sachen, die Frauen halt eben brauchenBikini, 'ne neue Tasche und außerdem will sie schau'nAlso los, ab in die BahnZieht sich nen Ticket, 4,70 für die Fahrt, ist ja ganz schön hartDoch dann sieht sie diesen Typ (Typ), findet ihn süß (Süß)Setzt sich extra zu ihm hin und denkt sich„Bitte, bitte, bitte, bitte komm, sprich mich anEs ist ganz egal, was du jetzt sagen würdestIch spring' darauf anAlso komm (Komm), du bist mein Mann (Mann)Wir gehören zusamm'n (-samm'n)Wenn nicht jetzt, wann (Dann)?Ich hör' mein Herz[Hook]Was soll ich nur sagen? Irgendwas knockt mich ausIch bin ein Versager, weil ich mich doch nicht trau'Mein Kopf ist voller Wörter, doch es kommt nichts rausUnd sie steht auf, steigt aus und sagt:„Bye-bye, bye-bye meine Liebe des LebensUnd ja, wir beide werd'n uns nie wieder seh'nKann schon sein, dass man sich im Leben zweimal begegnetDoch es beim zweiten Mal dann einfach zu spät ist“ [Bridge]Yeah, yeahBye-bye, bye-bye, bye-byeEs beim zweiten Mal dann einfach zu spät istBye-bye, bye-bye, bye-byeYeahBye-bye, bye-bye, bye-byeEs beim zweiten Mal dann einfach zu spät istBye-bye, bye-bye, bye-byeBye-bye, bye-bye, bye-byeWas soll ich tun, wenn es beim zweiten Mal dann einfach zu spät ist?Bye-bye, bye-bye, bye-byeYeah, yeah, yeahBye-bye, bye-bye, bye-bye[Hook]Was soll ich nur sagen? Irgendwas knockt mich ausIch bin ein Versager, weil ich mich doch nicht trau'Mein Kopf ist voller Wörter, doch es kommt nichts rausUnd sie steht auf und steigt aus„Bye-bye, bye-bye meine Liebe des LebensUnd ja, wir beide werd'n uns nie wieder seh'nKann schon sein, dass man sich im Leben zweimal begegnetDoch es beim zweiten Mal dann einfach zu spät ist“"
"Nimo","Rapstar","https://genius.com/Amo-and-nimo-rapstar-lyrics","10840260","[Songtext zu „Rapstar“][Part 1: Amo & Nimo]Erzähl' dir von dem, was ich fühleErzähl' dir Geschichten von früherRepresent' meine Stadt von 'ner BühneFick Kollegen, ich rette nur BrüderTrois-huit-cinq i, ma ville, HabibIn der Branche so wie Einser-SchülerBall' wie Thierry HenryChampions-League-Topscorer, ich bleib' der FührerObwohl Mahall meine Reise hindertVom feines Kristall und GeiselzitternZu Diamond-Glitzer, reines SchicksalKeine Hipstars, wir bleiben NinjaReime-Spitter, teile ZimmerKeine Einzel-, keine reichen KinderAlte Freunde im Nacken finden mich heut cooler, Sa7bi, als ein EisgewitterWir sind zwar gefang'n in der HoodDoch wir taumeln auch rum, wenn es regnetLauf' allein und ich atme die LuftGuck, die Kids haben gar kein BenehmenJahre später sind alle hier druffStapeln Sammelverfahr'n und ProblemeTäter tragen hier Knarren für SchutzUnd sie geh'n über Leichen für Knete (Ah, ah) [Hook: Nimo & Amo]Kein Job, kein Fleisch, nur BrotWas reicht? Mein Geld, es reicht nur so (Reicht nur so)Mama war alleinerziehendNicht leicht für sie, nicht leicht für uns (Nicht leicht für uns)Vergesse niemals einen meiner Jungs (Nein, no)Nehm' euch alle mit, egal, wie weit wir komm'n(Bin jetzt) Rapstar, Rapstar, RapstarKein Job, kein Fleisch, nur BrotWas reicht? Mein Geld, es reicht nur so (Reicht nur so)Mama war alleinerziehendNicht leicht für sie, nicht leicht für uns (Nicht leicht für uns)Vergesse niemals einen meiner Jungs (Nein, no)Nehm' euch alle mit, egal, wie weit wir komm'n(Bin jetzt) Rapstar, Rapstar, Rapstar (Ahh, yeah-yeah-yeah-yeah)[Part 2: Amo & Nimo]Gestern Händler, weg da, şev başHeute Geldmacher, Rapstar, ah (Ahh, ja-ja-ja-ja)Gestern Händler, heute Geldmacher, RapstarOh no, Bull'n komm'n, rennAh, die Beine haben TurboRund um die Uhr Acht nehm'nDenn wir halten uns spurlosKripo lauert im Touareg (Cha-tfuh), vaffanculoFuck, er riecht mein La-Mousse-Duft, Spürhund, PutoRipp' Keller-Fahrräder, heute Hitmaker in AlemanBricks in mein' Werdegang sind heut Bricks in mein' AccessoireDicht, kiff' AmnesiaHits bring'n bei IdéalAh, ah, ah (Ah, ah) [Hook: Nimo]Kein Job, kein Fleisch, nur BrotWas reicht? Mein Geld, es reicht nur so (Reicht nur so)Mama war alleinerziehendNicht leicht für sie, nicht leicht für uns (Nicht leicht für uns)Vergesse niemals einen meiner Jungs (Nein, no)Nehm' euch alle mit, egal, wie weit wir komm'n(Bin jetzt) Rapstar, Rapstar, RapstarKein Job, kein Fleisch, nur BrotWas reicht? Mein Geld, es reicht nur so (Reicht nur so)Mama war alleinerziehendNicht leicht für sie, nicht leicht für uns (Nicht leicht für uns)Vergesse niemals einen meiner Jungs (Nein, no)Nehm' euch alle mit, egal, wie weit wir komm'n(Bin jetzt) Rapstar, Rapstar, Rapstar"
"Nimo","Mittelmeer","https://genius.com/Jenemy-tranen-lachen-lyrics","6140345","[Intro]Ey, ey komm mal her!Ich mansplain dir was![Verse 1]Schöner Zufall, dass wir uns überschneiden in uns'rer kurzen ZeitZwischen unserm ersten und dem zweiten Mal EndlosigkeitHast du dein Rausgehlächeln abgeschminkt im Bad verlor'n?Irgendwas beleidigt mich verzehrt aus deinem AbflussrohrAlle machen's vor, deshalb sagen alle boah, 8 Milliarden Menschen täuschen sich ihre Orgasmen vorParanoide auf der Suchе nach der großen Liebе graben unzufrieden in der Schonkost die wir uns servierenImmer weiter, damit sich was ändert, müssten's alle machen, also macht es keiner""Ich würd's ja machen, nur machen die andern gar nicht mit, aus Angst das die andern nicht mitmachen, so verarschen die mich nicht!""Sag mir wenn man immer weiter raucht, eben weil man aufhör'n kann (aha), bis man es nicht mehr kann (ja), hätt mans dann mal gekonnt? (boah, vielleicht)Ich hör deine Stimme ungewöhnlich dumpf, holst du mich runter, ich bin festgefahr'n im losgelösten und[Hook]Wenn das alles nur ein Scherz ist, den keiner blickt ist das ok, hauptsache wir lachen gemeinsamKomm wir sitzen in den gleichen weißen Westen auf dem Stepper und sprechen über das Wetter, um niemand zu offenden, schön!Und wenn das alles um uns rum nur ein Scherz ist, dann lass mal Tränen lachen (Tränen, Tränen), gemeinsam!Lass mal Tränen lachen, hauptsache gemeinsam, komm lass mal Tränen lachen, komm lass mal Tränen lachen[Verse 2]Wo Werbetafellandschaften das Denkmal statuier'n, davon wo uns're besten Systeme am besten funktionier'n, ist von arm bis reich Gemeinsamkeit, die Unzufriedenheit, schmeiß dem Bettler Change in' Becher, weil der Slogan ihn erreichtUnd deine Comfortzone ist vollgestellt, kein Platz für wirklich große Taten, greif mit Che-Guevara-Faust nach Strohalm' in den OzeanenMeine Dame komm wir retten unsern  Arsch, denn auch Greta hat nur Platz für ein' Mensch in ihrer ArchePlaton steht in seiner Höhle im Schatten aus Nikabergen, Stockholmsyndrom als wir Gefangenschaften zu lieben lerntenDie entkernte Frucht der Erkenntnis püriert für dein' SmoothieI cutie ich rhyme Rhymes und du lutscht mein Nike Swoosh (?)Dann heiß duschen, danach werden wir beide von Gott empfangen, stell dir vor, dass du's dir nicht vorstellen kannstAb und an ruft Morpheus an, ich geh da nicht mehr ran, er schreibt 'ne Privatemessage, folgt mir auf InstagramMotherfucker mach dich weg, ich will nicht wissen wie Essen ohne Geschmacksverstärker schmeckt, ich mag Geschmack du Spast, und ich komm in der Matrix gut zurecht und du bist abgebrannt steckst fest und brauchst ein' Partner für dein Pech, und sagst zu mir, dass [Hook]Wenn das alles nur ein Scherz ist, den keiner blickt ist das ok, hauptsache wir lachen gemeinsamKomm wir sitzen in den gleichen weißen Westen auf dem Stepper und sprechen über das Wetter, um niemand zu offenden, schön!Und wenn das alles um uns rum nur ein Scherz ist, dann lass mal Tränen lachen (Tränen, Tränen), gemeinsam!Lass mal Tränen lachen, hauptsache gemeinsam, komm lass mal Tränen lachen, komm lass mal Tränen lachen[Verse 3]Fahr mit deiner Schrottkarre zu der Demo gegen SUV'sWer ganz unten ist, wenn er aussteigt, der fällt nicht tiefWir woll'n kämpfen, woll'n wir sagen, wir woll'n Gegenwind, wir woll'n keine Freunde die uns deutlich überlegen sindUnter uns, die Klippe, über uns, das Schwert des DamoklesNimm meine Hand mein Schätzchen, auf ein Sprung, lass uns fallen jetztFür 80 Jahre oder so, dann werden wir von Gott empfang', versuch dir vorzustell'n, was du dir nicht vorstell'n kannst, komm![Hook]Wenn das alles nur ein Scherz ist, den keiner blickt ist das ok, hauptsache wir lachen gemeinsamKomm wir sitzen in den gleichen weißen Westen auf dem Stepper und sprechen über das Wetter, um niemand zu offenden, schön!Und wenn das alles um uns rum nur ein Scherz ist, dann lass mal Tränen lachen (Tränen, Tränen), gemeinsam!Komm ich mach ein Fass auf bis oben hin, sinnentleert, Girlie komm, wir zieh'n auf 'ne Abfallinsel im MittelmeerWenn das alles nur ein Scherz ist, den keiner blickt ist das ok, hauptsache wir lachen gemeinsamBreaking News: Der dritte Weltkrieg fing auf Twitter an, Kühe trage VR Brillen und Philipp Amthor hat InstagramUnd wenn das alles um uns rum nur ein Scherz ist, dann lass mal Tränen lachen (Tränen, Tränen), gemeinsam!Lass mal Tränen lachen, hauptsache gemeinsam, komm lass mal Tränen lachen, komm lass mal Tränen lachen"
"Nimo","Jung & machen Geld","https://genius.com/Nimo-and-che-salah-jung-and-machen-geld-remix-lyrics","10869784","[Songtext zu „Jung & machen Geld (Remix)“][Hook: Nimo][...] jung und machen Geld[Part: Ché Salah]Ich komm' aus 9048 (Neun)Keiner von euch hätt gedacht (No)Ich hab' es gesagt, dann getanMit dem Kopf durch die WandWas hab'n Euros gemacht mit mir?Und wegen dem AusländerhassAkzeptieren sie's nicht, wenn du's aus der Hood schaffstWähl' meine Schritte durchdachtWerd' nicht alt, doch bin jung und mach' SchnappNein, Diggi, das war nicht immer so[Lyrics von Snippet, vollständige Lyrics bei Release]"
"Nimo","Heute mit mir","https://genius.com/Rapido-frau-meissner-lyrics","9312665","[Songtext zu „Frau Meissner“][Part 1]16.09.1993, ich erblicke das LichtMeine Mutter blickt in mein GesichtSie weiß, es wird 'ne schwere Zeit, aber jeder Tropfen Blut, der durch mich fließtIst ihr Beweis für die EwigkeitIch bin kein leichtes KindIch bin ein EinzelkindMit Eigensinn, du brichst nicht so einfach meinen Will'nDer Wissensdurst war nie leicht zu still'nUnd ich wollte schon immer mehr als das, was ein normales Kind meistens willOhne Mühe schrieb ich in der Schule dauernd EinserDie Grundschullehrerin formte mich zu 'nem AußenseiterIch kam täglich mit Kratzern nach HauseUnd Mama fragte mich dauernd, doch ich war schweigsam wegen Frau MeissnerZu dem Zeitpunkt kann ich nicht wirklich begreifen, warum sie dauernd auf meine klein'n Finger schlägtZuerst hat sie mich, wenn ich laut war, vor die Tür gesetzt, aber mit jedem Mal tun ihre Strafen schlimmer wehUnd sie zieht mich an meinem Hals von meinem StuhlIch lieg' am Boden und ich weineAlle seh'n mir dabei zuIch renn' nach Hause zu Mama und meine Trän'n bitterSie stürmt mit Oma zusamm'n das Lehrerzimmer[Hook]Und auch wenn dieses Leben für mich nicht so leicht warViele Wege war'n für mich nicht greifbarTrotzdem stehe ich noch wie 'ne Eins daBis ich jedes meiner Ziele erreicht hab'Und auch wenn dieses Leben für mich nicht so leicht warViele Wege war'n für mich nicht greifbarTrotzdem stehe ich noch wie 'ne Eins daBis ich jedes meiner Ziele erreicht hab' [Part 2]Dieser Schmutz, sie lügt wie gedrucktDie hat doch 'n miesen SchussUnd dreht dieses Spiel bewusstSie sagt meiner Mama, ich wär hyperaktivSchieß' über das Ziel, ich soll zum Arzt, das sollte schon viel früher passier'nUnd diese Wichser, die verschrieben mir RitalinIch war wie auf SpeedDass ich unterfordert war, haben die aber nie kapiertUnd das Gegenteil von der Aktivität setzt einIch bin nur noch still und dicht und meine kleine Seele schreitSchule war ab da nicht mehr für mich als Hass und TraurigkeitUnd das spiegelt sich perfekt in dem, was ich nach außen zeig'Eine ganze Weile hab' ich mich nur noch geprügeltUnd darauf schlossen sich Türen für michIch war nur noch wütendHeute bin ich dreißig und ich nimm es mit FassungAber das, was ich euch hier schilder', nennt man KindesmisshandlungLange Zeit her, Augen zu und keiner weiß mehrDoch meine allerbesten Grüße gehen an Frau Meissner[Hook](Und auch wenn's nie so leicht war)Und auch wenn dieses Leben für mich nicht so leicht warViele Wege war'n für mich nicht greifbar (Viele Wege nicht greifbar)Trotzdem stehe ich noch wie 'ne Eins daBis ich jedes meiner Ziele erreicht hab' (Doch ich steh' wie 'ne Eins da)Und auch wenn dieses Leben für mich nicht so leicht warViele Wege war'n für mich nicht greifbar (Bis ich alles erreicht hab')Trotzdem stehe ich noch wie 'ne Eins daBis ich jedes meiner Ziele erreicht hab' (Und auch wenn's nie so leicht war) [Bridge](Leicht war, leicht war, leicht war)Viele Wege nicht greifbar (Wie 'ne Eins da, wie 'ne Eins da)Doch ich steh' wie 'ne Eins da (Und auch wenn dieses Leben für mich nicht so leicht war)Bis ich alles erreicht hab' (Trotzdem stehe ich noch wie 'ne Eins da, wie 'ne Eins da, wie 'ne Eins da)[Part 3]Du hast immer gesagt, aus mir wird nie etwas, Frau MeissnerVielleicht, weil du in dir keine Liebe hast, Frau MeissnerUnd das hast du nicht allein mit mir gemacht, Frau MeissnerDavid hatte schon an Suizid gedachtDomian hat sich geritzt wegen Frau MeissnerAber weil jeder darauf immer einen Scheiß gabWerden Songtexte geschrieben für Frau MeissnerDamit du dich daran erinnern wirst, Frau MeissnerWie viel Kinder war'n es denn, liebe Frau Meissner?Liebe Frau Meissner, liebe Frau MeissnerHoffentlich war jeder Tag für Sie ein scheiß TagUnd hoffentlich hatten Sie in ihr'm Leben kein'n SpaßLiebe Frau Meissner, ich schwör', es reicht, MannIch bin ein Mann geworden, guck, was ich erreicht hab'Liebe Frau Meissner, liebe Frau MeissnerHeute liegst du sieben Meter tief, Frau Meissner, ey"
"Nimo","Wie beim ersten Mal","https://genius.com/Nimo-wie-beim-ersten-mal-lyrics","10050249","[Songtext zu „Wie beim ersten Mal“][Pre-Hook]Es fühlt sich an, als wären wir beide füreinander gemacht (Oh-oh)Bist immer noch so, wie ich dich kenn', uh-wah-ah-ah (Ey)[Hook]Uh, Baby, schon ein Blick von dir könnte mich manipulier'n (Brr)Du hast mich verrückt gemacht, fuck, du riechst wie beim ersten MalDu scheinst wie beim, siehst aus wie beim, riechst wie beim ersten MalDein Kuss wie beim, dein Blick wie beim, wie, wie beim ersten Mal[Part 1]So 'ne schönе Frau (Schöne Frau), und ja, es kam mir vor (Kam mir vor)Als hätt ich sie schon mal gеseh'n, also ging ich bisschen näher (Ging bisschen näher)Ja, ich hab' erkannt (Oh-oh), diese Frau ist mir bekannt (Ah-ah)Wie du aussiehst, Chica, wie du riechst, ja, wie beim ersten Mal (Uh-wah)Hab'n uns lange nicht geseh'n, aber das ist uns beiden egal (Ist egal)Da, wo wir beide aufgehört haben, da führen wir fort (Da führ'n wir fort)Eine schöne Frau wie du (Wie du), Baby passt nicht in Renaults (Nah, nah)Du bist etwas Besonderes, dein Arsch gehört in 'nen Porsche (Ein'n 992)[Pre-Hook]Es fühlt sich an, als wären wir beide füreinander gemacht (Oh-oh)Bist immer noch so, wie ich dich kenn', uh-wah-ah-ah [Hook]Uh, Baby, schon ein Blick von dir könnte mich manipulier'n (Brr)Du hast mich verrückt gemacht, fuck, du riechst wie beim ersten MalDu scheinst wie beim, siehst aus wie beim, riechst wie beim ersten MalDein Kuss wie beim, dein Blick wie beim, wie, wie beim ersten Mal[Part 2]Lange ist es her (Ist es her), ein Jahr, vielleicht auch mehr (Vielleicht)Wieso kam's mir nicht so lang vor? (So lang vor)Hab' dein Insta lang gesucht (Viel zu lang), habe oft nach dir gefragt (So oft)Jetzt treff' ich dich an diesem Ort (An diesem Ort)Nach'm Sex eine Kippe und labern, nur bei dir fühle ich mich safe (Yeah)Und liege auch im Bett mit andernAber mit denen kann ich nicht reden (Nah-ah-ah)Denn du hast, was keine von den'n hatDenn du hast, was keine von den'n hat[Pre-Hook]Es fühlt sich an, als wären wir beide füreinander gemacht (Oh-oh)Bist immer noch so, wie ich dich kenn', uh-wah-ah-ah[Hook]Uh, Baby, schon ein Blick von dir könnte mich manipulier'n (Brr)Du hast mich verrückt gemacht, fuck, du riechst wie beim ersten MalDu scheinst wie beim, siehst aus wie beim, riechst wie beim ersten MalDein Kuss wie beim, dein Blick wie beim, wie, wie beim ersten MalUh, Baby, schon ein Blick von dir könnte mich manipulier'n (Brr)Du hast mich verrückt gemacht, fuck, du riechst wie beim ersten MalDu scheinst wie beim, siehst aus wie beim, riechst wie beim ersten MalDein Kuss wie beim, dein Blick wie beim, wie, wie beim ersten Mal"
