"artist_name","track_name_es","genius_url_es","genius_id_es","lyrics_es"
"Morad","Sigue","https://genius.com/Beny-jr-morad-and-k-y-b-sigue-lyrics","7854976","[Letra de ""Sigue""][Intro: Morad](Voluptyk)Esto es una locura, locuraAy, qué locura[Verso 1: Morad]Haciendo cosas que solamente yo te diría ""no se te ocurra"" (No se te ocurra)Lo malo de la mente no se borraAlguno' se pensaron que las' puerta a nosotro' ya se no' cierran (Se no' cierran)La' abrimos rápido con otra piernaA oscura' sin la linterna, sin llevar una vida tiernaTú solo vives lo moderno, tu vida es como de un cuadernoNosotro' los garabato', pasar el rato, hacer los trato'Yo no suelo decir ""niñato"", porque niñato crece en un ratoY tú siempre supersticiando, hablando raro dе los novato'Uno siempre ha sido bueno, y pa' lo' ajеno' reparto plato'A veces en lo malo, a veces en lo malo, a veces en lo malo (Dice)[Estribillo: Beny Jr & Morad]No soy falso y eso molesta, yo en sí destaco y tú lo detesta' (Ah-ah)El que la sigue siempre la consigueEnvidioso que mucho cuesta, tú estás abajo en esta apuestaEl que la sigue siempre la consigueA veces lo malo sigue pero nadie lo persigue (Lo persigue)El que la sigue siempre la consigueNunca me verás yo siendo amigo del que es enemigo (De mi amigo, de mi amigo) [Verso 2: Beny Jr]La K y la B dentro de un terrado, por dentro estoy aterradoPero no puedo ni miro al lado, este dinero yo lo he sudadoTomando riesgos en la misión, castigado por tene' ambiciónEl humo me nubla la visión, con una vida como 'e ficciónSoñaba con yo ser bueno y me tocaba a mí despertar (Woh-oh-oh)En un infierno escondemo' ni hoy ninguno me pue' tocar (Woh-oh-oh)Soñaba con un futuro y nunca lo he podido yo ni lograr (Woh-oh-oh)Perdón solo a mi madre que conmigo tuvo pasarNo soy tú (Tú), a mí me gusta el respeto (Woh-oh-oh)Y no la pinto siempre discreto (Woh-oh-oh), criado yo por los traqueto' (Woh-oh-oh)Mírate tu actitud (-tud), y no actúes como necio (Woh-oh-oh)A tu cabeza la pongo precio (Woh-oh-oh) y a tu vida yo te la desprecio (Woh-oh-oh)[Estribillo: Morad & Beny Jr]A veces lo malo sigue pero nadie lo persigue (Lo persigue)El que la sigue siempre la consigueNunca me verás yo siendo amigo del que es enemigo (De mi amigo, de mi amigo)No soy falso y eso molesta, yo en sí destaco y tú lo detesta' (Ah-ah-ah-ah)El que la sigue siempre la consigueEnvidioso que mucho cuesta, tú estás abajo en esta apuestaEl que la sigue siempre la consigueNo soy falso y eso molesta, yo en sí destaco y tú lo detesta' (Ah-ah-ah-ah)El que la sigue siempre la consigueEnvidioso que mucho cuesta, tú estás abajo en esta apuesta (Ah-ah-ah-ah)El que la sigue siempre la consigue [Outro: Beny Jr]Free Sufian, oye, free MustafaFree Sufian, oye, free MustafaFree Lfar, oye, free LfarOye, free LfarWoh-oh-oh-oh"
"Morad","Lo Que Tiene","https://genius.com/Morad-beny-jr-and-rvfv-lo-que-tiene-lyrics","10138750","[Letra de ""Lo Que Tiene""][Intro: Rvfv & Beny Jr]Ah-ah-ah-ahNo sé lo que tiene que me tiene todo el díaPe-pensando soñando que eres míaMo-modelo de pasarelaCaminando por la acera todos la quieren mirar[Estribillo: Morad]Lo que tiene (Lo que tiene)Paso el tiempo contigo hablando y me dice que sola se entretiene (Se entretiene)Se gana lo suyo, no le gusta lo de otro, sola se mantiene (Se mantiene)Quiero olvidarme, pero mira que no puedo con lo que tiene, ah-ah (Lo que tiene)Lo que tiene, ah-ah (Lo que tiene)[Verso 1: Morad]Voy a escribirte hasta un libro (Oh-oh-oh)Pero no sería un cuento (Oh-oh-oh)No sé ni cómo escribirlo (Oh-oh-oh)Malo, pero lo lleva dentro (Oh-oh-oh)Me dice que soy aburrido (Oh-oh-oh)Que yo no la llevo pa'l centro (Oh-oh-oh)No me gusta el atosigo (Oh-oh-oh)A solas disfruto el momentoDe lo que tiene y sí que tieneVa y se viene (Va y se viene)Quiere dos nene', una casa y un Mercede' (Un Mercede')Aunque faene no hay noche que no frene (Oh, oh)No hay quien la llene si su cora solo habla de a— [Estribillo: Morad]Lo que tiene (Lo que tiene)Paso el tiempo contigo hablando y me dice que sola se entretiene (Se entretiene)Se gana lo suyo, no le gusta lo de otro, sola se mantiene (Se mantiene)Quiero olvidarme, pero mira que no puedo con lo que tiene, ah-ah (Lo que tiene)Lo que tiene, ah-ah (Lo que tiene)[Verso 2: Rvfv]Otro día echándote de meno'Porque de tu' beso' ya no puedo olvidarmeY aunque no te diga mucho que te quieroSabe' que no duermo sin primero pensarteY yo sé que a vece' no soy sinceroPero, mami chula, no quiero lastimarteSabe que lo nuestro es verdaderoY tengo mil canciones para dedicarteNo sé lo que tiene que me tiene to' el díaPensando, soñando que eres míaCuando no te veo yo siento una agoníaComo si estuviera esposándome un policía[Puente: Rvfv]Y me dice-y me dice que no ande con otraSi supiera lo que por ella haríaY tu pa're no te quiere conmigoPor eso es que siempre nos vemo' a escondí'a [Verso 3: Beny Jr]Mo-mo-mo-modelo de pasarelaCaminando por la acera todos la quieren mirarElla me pelea, pero dice que no celaPero yo no soy cualquiera y en la noche va a llamarDime si me anhela o yo soy un anormalTanja, Panamera, yo no la llevo a cenar (Nah, nah)Flota por la arena con su cuerpo de sirenaDice conmigo se queda y yo no me dejo casar¿Tú sin mí qué vas a hacer? Yo te voy a prenderAhora está sin ti, mujer, no voy solo a amanecerNo puedo tocarte, entonce' tú bórrameNo puedo soportarme, chavos pa' sentirme bien[Puente: Beny Jr]No sé qué tiene (Ganas)Pero sus amigas le dicen que el Beny es un bandido y eso no conviene (Oh-oh)Eso sabe que me celaMe paseo con la tola y eso le entretiene (Grrah)Pero el Jacob no se enamora y eso le impresiona porque no se puede¿Cómo? No se puede, ¿cómo?[Estribillo: Morad & Rvfv]Lo que tiene (Lo que tiene)Pasa el tiempo contigo hablando y me dice que sola se entretiene (Se entretiene)Se gana lo suyo, no le gusta lo de otro, sola se mantiene (Se mantiene)Quiero olvidarme, pero mira que no puedo con lo que tiene, ah-ah (Lo que tiene)Lo que tiene, ah-ah (Lo que tiene)Lo que tiene (Ah-ah)Paso el tiempo contigo hablando y me dice que sola se entretiene (Ah-ah)Se gana lo suyo, no le gusta lo de otro, sola se mantiene (Ah-ah)Quiero olvidarme, pero mira que no puedo con lo que tiene (Ah-ah)Por lo que tiene (Ah-ah; por lo que tiene) [Outro: Beny Jr & Morad]Free Sufian (Ah-ah-ah-ah), oye, Free el CataFree Sufian (Ah-ah-ah-ah), oye, Free el CataFree el Cata (Ah-ah-ah-ah), free el CataSH, LF (Ah-ah-ah-ah), ah-ah"
"Morad","SE FUE","https://genius.com/Moncho-chavea-and-morad-se-fue-lyrics","11242420","[Letra de ""SE FUE""][Intro: Moncho Chavea]Ey, eh, I love you'Tá bajito, ehUh-uh, MoradUh-uh-ah[Verso 1: Moncho Chavea]Todo' nacemo' para morirPero mientras viva quiero estar bien, eyY yo que muero por ti, pero dime qué sabe élNo quiero ruina, pero si se va, te juro que voy a por tiSi me entero que él te hace llorar (Eh), no lo voy a permitirTranquilo, en la mía gastándomeloAhora me están escuchando hasta en ChileUy, vamo' pa'rriba como lo' misile'No' escapamo' en un Lambo como lo' dealerManos arriba, esto es un atracoTe quitan dеl medio si tú ere' un sapoMе llevo a tu jamba sin ser el guapoEsto pa' la' bitchie', también pa' los capo'Pero también me caí, ehTirando pa'lante, joseando sin miedo a morirNo llevo chaleco porque la mama ora por míDime si me paso a por ti, a por ti [Puente: Moncho Chavea]Espera, espera, para, para, para un momentoCámbiame el flow que esto ya lo he partí'oDíselo tú, Morad[Estribillo: Morad]Dicen que se fue con otro, no séY no lo pensé, se fue to' vola'oSe escuchan rumores que tú tienes otro al la'oPero él no te mira como en el tiempo te he mira'o[Verso 2: Morad]Se escucha por ahí que estás con un capoY yo no soy sapo, si quiere' lo tapoVámono' a un lugar lejano y me escapoPasamo' un buen rato, no solo un relatoYo te iba a buscar tranquilo en la motoAsí no hacen foto' ni mucho alborotoTú e-tú e-tú ere' mala, pero a rato'Ese nunca ha sido de maloSi ese e' malo, pues yo lo matoNo me mido, no me igualoNo lo cojo si es un atascoNo lo cojo si es un atascoJugando como poli' y caco'Me tiene fundí'o del casco [Refrán: Morad]¿Qué tú quiere'? (Yeah)Dime en el tiempo qué tú quiere' (Yeah)Si no te llamo, tú te muere' (Muere')Y si te llamo tú te altera' (Dice')¿Qué tú quiere'? (Yeah)Dime en el tiempo qué tú quiere' (Yeah)Si no te llamo, tú te muere' (Muere')Y si te llamo tú te altera' (Altera'), ah[Estribillo: Morad]Dicen que se fue con otro, no séY no lo pensé, se fue to' vola'oSe escuchan rumores que tú tienes otro al la'oPero él no te mira como en el tiempo te he mira'o"
"Beny Jr","Luna llena","https://genius.com/Beny-jr-luna-llena-lyrics","10057729","[Letra de ""Luna Llena""][Intro]Free El Far, Free el Cata, Free SufiánLF, LFLlevarte a paseo conmigoPero tú me dices que solo los feosOye[Verso 1]Yo quiero llevarte conmigo a paseoPero ella me dice que solo los feosSi sabes de sobra que no baboseoPero es que en tu cara te noto el deseo (No)No tiene ninguna foto en historiasPorque tampoco tiene redes sociale'Dice quе no somo' iguale'Me tacha que dеbo de aprender sociale'Pero esa sabe, soy bandidoDice que mi valía no le asustaLe gusta porque tengo recorridoY mis enemigos todos se frustranNunca me ven, no ves al submarinoBajo del agua las balas no escuchanTengo peleas internas, mil luchasNo me preguntas qué hay en mi hucha [Estribillo]Luna, dime que seguro que tú la vesSi me piensa un poco en la nocheO soy yo solo el que está al revésOye, luna, porque-porque-porque yo ya no séCompré un ticket y perdí mi turno, se pasó y no lo recordéLuna, dime que seguro que tú la vesSi me piensa un poco en la nocheO soy yo solo el que está al revésOye, luna, porque-porque-porque yo ya no séCompré un ticket y perdí mi turno, se pasó y no lo recordé[Verso 2]Yo no soy pa' ti, tú me llama' estorbo¡Me tumbo solo hablando con monstruo'A veces, mami, tu cama es un hornoNo soy feliz o perdí su morboY que tiene a otros, eso lo séSe le baja rápido el cachéSolitario, me creo el CheEl amor, historia anime, yeah[Pre-Estribillo]Baila, báilame, como tú son poca'Baila, báilame, le besé en la bocaBaila, báilame, como tú son poca'Baila, báilame, le besé en la boca [Estribillo]Luna, dime que seguro que tú la vesSi me piensa un poco en la nocheO soy yo solo el que está al revésOye, luna, porque-porque-porque yo ya no séCompré un ticket y perdí mi turno, se pasó y no lo recordé (Fuck)Luna, dime que seguro que tú la vesSi me piensa un poco en la nocheO soy yo solo el que está al revésOye, luna, porque-porque-porque yo ya no séCompré un ticket y perdí mi turno, se pasó y no lo recordé (Yo, yo)[Outro]Yo quiero llevarte conmigo a paseoPero ella me dice que solo los feos (Woah, woah)Si sabes de sobra que no baboseoPero es que en tu cara te noto el deseo (Woah, woah)No tiene ninguna foto en historiasPorque tampoco tiene redes sociale' (Woah)Dice que no somo' iguale'Me tacha que debo de aprender sociale'"
"Beny Jr","Triple Impacto","https://genius.com/Beny-jr-and-julianno-sosa-triple-impacto-lyrics","11285433","[Letra de ""Triple Impacto""][Estribillo: Beny Jr & Julianno Sosa]Con todo el respeto, esto es triple impacto (Woh)Y yo contigo y con el fuego, ya hicimo' un pacto (Woh)Nos vamo' pa' la playa y quemamo' un pasto (Woh)Que pase lo que pase en el siguiente acto (Woh)Quería un gángster, la baby es de Mattel (Woh)Sabe que en la calle yo sí tengo rango (Oh-oh)La llamo desde abajo, salimos del fango[Verso 1: Julianno Sosa & Beny Jr]Ella es de poca' amiga' porque está en las grande' liga'Se hizo el pecho y la barriga, no le gusta si la hostigan (Oh-oh)No le gusta que lе diga' que la aman porque la andan buscando, ah (Woh, oh-oh-oh)Ella es dе poca' amiga' porque está en las grande' liga'Se hizo el pecho y la barriga, no le gusta si la hostiganNo le gusta que le diga' que la aman porque la andan buscando (¿Que yo qué?)[Verso 2: Beny Jr]Tengo tola y no pa' asustarte (Eh, yo)Es que mi vida es desastre (Woh)Tu pregunta es interesante (Woh)Si hablo yo, no va a gustarteTurca morena como SerenaCon luna llena (Ah) tú me envenena' (Ah)Tuve decena' (Ah), viene de Viena (Ah)Dice la ajena, no se le frena [Estribillo: Julianno Sosa & Beny Jr]Co-Co-Co-Co-Con todo el respeto, esto es triple impactoYo contigo me la encajo, baby, te hago un pactoNos vamo' pa' la playa y quemamo' un pastoQue pase lo que pase en el siguiente acto (Prr)Quería un gángster, la baby es de Mattel (Pah, pah, pah)Sabe que en la calle yo sí tengo rangoLa llamo desde abajo, salimos del fangoY yo quiero darte amor, no solamente tangoCon todo el respeto, esto es triple impacto (Woh)Y yo contigo y con el fuego, ya hicimo' un pacto (Pacto)Discute de día y por la noche, el actoY si le paso la llamada, me dice: ""No hay tacto""Quería un gángster, la baby es de MattelSabe que en la calle mato por mi rangoMe hice rico pero todavía vendo fango (Ey)[Verso 3: Julianno Sosa]Solo eres tú en el mundo, que vale lo' segundo'Y si no te tengo cerca, siento que me hundoMoriré en la calle, no hay vida que cambie rumboPorque la verdad, no me acostumbroTira la llamada que de una yo me zumboSi te molesta alguien, mami, te lo tumboSi tienes gana', te resuelvo y te lo hundoSabes que es verda-a-a-a' [Verso 4: Beny Jr]Tú-Tú-Tú te muere', mami, cuando te beso (Oh)No soy mafioso, soy travieso (Oh)Tú me toca' y me quedo yeso (Woh-oh)Musa a base de mi procesoHuele Dior ella al pasarVacila con la Audemar'Amanece por Viña 'el MarTumbada, mira estelar[Estribillo: Julianno Sosa & Beny Jr]Con todo el respeto, esto es triple impactoYo contigo me la encajo, baby, te hago un pacto (Pacto)Nos vamo' pa' la playa y quemamo' un pasto (Pasto)Que pase lo que pase en el siguiente actoQuería un gángster, la baby es de MattelSabe que en la calle yo sí tengo rangoLa llamo desde abajo, salimos del fangoY yo quiero darte amor, no solamente tangoCon todo el respeto, esto es triple impacto (Woh)Y yo contigo y con el fuego, ya hicimo' un pacto (Pacto)Discute de día y por la noche, el actoY si le paso la llamada, me dice: ""No hay tacto""Quería un gángster, la baby es de MattelSabe que en la calle mato por mi rango (Woh)Me hice rico pero todavía vendo fango (Oh-oh; okey, okey) [Outro: Beny Jr & Julianno Sosa]OyeYeahSosa, Sosa898 (Sosa, Sosa)Julianno Sosa (Sosa, Sosa)Beny Jr, ey (Sosa, Sosa)Habla, Kreamly (Sosa, Sosa)LF (Sosa, Sosa)F (Sosa, Sosa)F (Sosa, Sosa)"
"Beny Jr","Eurovision (feat. Rondodasosa, Baby Gang, A2 Anti, Morad, Beny Jr, Ashe 22 & Freeze corleone)","https://genius.com/Genius-brasil-traducoes-central-cee-eurovision-ft-rondodasosa-baby-gang-a2-anti-morad-beny-jr-ashe-22-and-freeze-corleone-traducao-em-portugues-lyrics","10642164","[Letra de ""Eurovision"", ft. Rondodasosa, Baby Gang, A2 Anti, Morad, Beny Jr, Ashe 22 & Freeze Corleone][Entrada: Todos os Artistas](Agora você está ouvindo o Young Chencs)(Um salve do Flem)(Ow, vadiazinha, é o NKO na batida)Dados, ala, mira, LEkip, EkipO-ow, diga pra eles Central CeeNão seja capturadoVenho direto da ItáliaSou da Arábia, clique-claqueAinda tenho que fazer riscos calculados[Verso 1: Rondodasosa]Ow, eu venho direto da Itália (Ah)Onde seu corpo dissolve em ácido (Rondo)Minha mina é gostosa igual Takis, sem festa, sou rico, não vacilo (Sem meme)Se tiver falando de drill na Itália, não existe rival, não somos iguais (Sem meme)Tenho um coração de ouro, mas espero que todos os meus inimigos morramPapo de máfia, cеrteza (Certeza), sou mais rico quе todos meus inimigosPor que eles me baniram da minha cidade? (Ah) Só tô tentando fazer o meu trabalho (Pau no cu deles)A multidão na sua quebrada, nos corres, a sua puta sabe todos os meus versosEspreitando, rebolando, gozando (Ah-ah), só por uma Birkin[Verso 2: Baby Gang, Central Cee]Sou da Arábia, clique-claque, sem kalām, bunda grande é de harémMuita grana, tão halal, moleque de rua, Montana (Tana)Uma-uma Glock acaba com você, um tiro e você já eraVadia má, me ama, garoto mau me chama (Ah, chama, chama)Vit-vit, ciap-ciap, já meti na bunda da puta-putaEnfie na bunda da sua mentira-raOnde tá sua gangue? Vou fazer você gostar de, ""Clap, clap""Eles não deixam o Baby Gang-Gang entrarContando mil fatos-fatos, eu escapo da palha igual lag-lagEu mato geral com a MAC-MACVocê se sente o Pac-Pac porque usa uma bandana e é negro-negroIsso não significa que agora você é o 2Pac-Pac (Brr, pow, pow, pow) [Verso 3: Central Cee]A-ainda tenho que fazer riscos calculados (Beleza)Faz seis meses que ela esperar pra foderTive que colocar minha mina em uma lista de esperaOs penhores tão pagando de fãMeu nome não para de sair da boca deles (Uh-huh)Por que eles amam dizer que tão do lado de fora?Juro que eles não tão saindo de casaEsses moleques continuam tentando me incomodarTô tentando lucrar e ficar fora do caminho, papo retoMas tô preso no olho do públicoAno passado eu tava sentado num pub cheirando póEsse ano eu ganhei mais que o suficiente com rimasFiz mais que o suficiente, posso parar agora (Agora), huhTá na hora de eu compartilhar com os carasMe sinto um pouco estranho colocando meu iceMal posso esperar pra gangue toda brilhar, hm[Verso 4: A2 Anti, Morad]Arma na minha cintura (Arma)Parece que tomei um Viagra (Uh)Cê-cê não quer cair, NiagaraO celular azul é quente, então tamo falando em patois (Sim, hm)Veio como um arrebatamento (Não seja capturado), aco-acorde e cheire o caféNo fundo, onde a água é agitadaMeu mano anda comigo quando quero ir com tudoNão fale (Fale), só ouça (Shh)Trago na sua porta, testemunha de JeováO mano devia ter feito um buraco em sua peruca (Bap)Não poderia me importar menos, o mundo continua girandoFalar demais pode te fazer ser cortado (Dados, ala, mira, L)Olhe quantas lojas nós perdemos, tô puto (Puto)Perdi quando fiz aquele vídeoO cheiro quando bolo esse baseado, fede (Vermelho) [Verso 5: Morad]Se formos te buscar, cê vai ver uma equipe de primeiraPrimeira parte, com sua cabeça, objetivos pra madeiraEu gostaria de te ver e ver como seu grupo mudaTe ver e saber que você era comida de viadoÀ parte os junkies e o L sempre toca primeiroNão compartilhe, seu otário, cê é um mentirosoCurto olhar pra você e ver uma voz sussurrando pra vocêCê late como uma cadela, a boca fala e depois se cala[Verso 6: Beny Jr]Não tenho problemas se eles ligarem pra outra pessoa dizendo que querem consertar o problemaEm prob-, em problemas sou o Costa, mas eles me amam, sou o Neymar (-ar)El-eles sempre fazem de propósito, mas se eu tiver em apuros, peço o VAR (VAR)Que a polícia não investigue, agora eu quero só cantarOw-ow, diga pra eles Central Cee, ""Fui eu que fiz a festa ficar foda""Sua mina dançando soltinha, me disse que curtiu, sou molequeNão-não tente ser assim, eu te paro no skateE então quando sentir pessoalmente o ki, comece a dizer que não é pra você[Verso 7: Ashe 22]Coloquei tudo em criptomoedas (Fah), há muitos impostos (Fah, fah)Preciso do pé esquerdo do Robben e do direito do Klitschko (Pah)Zero, zero policiais, não há nenhum policial ao meu redorTô com meus manos, amigos sólidos, pra comprar tudo igual MonopolyQueremos tudo pra família, mas aqui conhecemos a omertàSempre vamos dormir quando nossas mães tão trabalhandoTô com 160, tô no GTD, não vou vender minha alma por alguns CDsEu me apresento em Londres pra marcar a Europa com um gol no estilo Trezeguet (Ekip) [Verso 8: Freeze Corleone]A Califórnia é parada, ele é um otário da Itália até Niarry-Tally (Han)Eu sou o Koulibaly, cê é o Adil Rami (Eh), longe deles como se eu morasse em Bali, puta que pariuNão comemos roseta, acendemos o congelado, uma grande besta, um salve pro ZRa-rap francês, ele tem ISTs, 20-22, só criptografias e NFTsMe-Metaverso, tenho a Decentraland segura, envie o sinal, tá rolando em LondresFale comigo em meu próprio idioma, Insh'Allah, em breve estarei chegando de Lamborghini no interior do paísEu tenho o taco, tenho a bola, tenho o giroPreciso de um salário quatro vezes maior no Alaba, 2K22, que vai fazer sucesso igual Jalalabad"
"JC Reyes","BADGYAL","https://genius.com/Saiko-jc-reyes-and-dei-v-badgyal-lyrics","10225362","[Letra de ""BADGYAL""][Coro: Saiko, Saiko & Dei V, Saiko & JC Reyes]Se está arreglando en el espejo con la amigaSube una story con las Bratz pa' que le diganQue está buenísima, pero ya lo sabíaSale hasta tardeEsta-Esta noche no va a fantasmearMe pone ojito’ de gata cuando bailaSe me pone perra cuando le pongo Bad GyalY le quiere dar hasta el otro díaSe está arreglando en el espejo con la amigaSube una story con las Bratz pa' que le diganQue está buеnísima, pero ya lo sabíaSale hasta tarde (Tardе)Esta noche no va a fantasmearMe pone ojito' de gata cuando bailaSe me pone perra cuando le pongo Bad GyalY le quiere dar hasta el otro día[Verso 1: JC Reyes]Perreando la buscan los de la policíaMe dijo que quiere ser mía, ah-ahYo con la espalda pegá’ en la paredVente si te digo ""ven"", a ese culo le rezo un aménTú tan bellaca pidiendo que te lo déMi Barbie, yo no soy tu Ken, esta noche vino sin sosténY con la amiga que está caliente tambiénQuién la ha visto y quién la ve como quiera que se pongaSube un story que es difícil que te oponga'Mueve el culo como Nicki en el video de ""Anaconda""Si tarde llega a la casa se le cuenta una milongaElla e' una mamisonga, tremenda putongaHoy va a hacer de to', ademá', yo se lo voy a mamarTambién a quien le propongaÉl solo tira a fallar, quiere bicho, bichiyalElla una mamisonga, tremenda putongaHoy va a hacer de to', ademá', yo se lo voy a mamarTambién a quien le propongaÉl solo tira a fallar, quiere bicho, bichiyal [Coro: Saiko]Esta-Esta noche no va a fantasmearMe pone ojito' de gata cuando bailaSe me pone perra cuando le pongo Bad GyalY le quiere dar hasta el otro díaEsta noche no va a fantasmearMe pone ojito’ de gata cuando bailaSe me pone perra cuando le pongo Bad GyalY le quiere dar hasta el otro día[Verso 2: Saiko]La bebé e’ una Barbie (Barbie)Cara de buena, pero e' una bad bitch (Bad bitch)Y en la noche me imagino devorándote (Eh)Atrapándote (Eh), provocándote (Eh), síDeja que te pille, tú ere’ una pilla (Jaja)Para que chille' ponte a four en la silla (Ra-Rauw)Cree que e' Miami, pero estamo' en ArmillaLe gustan mis diamante’, como brillan, dice (Yeah)Sale con su amiga cada fin de semanaEstá en racha y borracha (Borracha)En falda asomando las cacha'No vuelve a la casa si no es de día[Coro: Dei V & Saiko]Se está arreglando en el espejo con la amigaSubió una story enseñando el culo pa' que le digan (Ey)Que está buenísima, pero ya lo sabíaSalió hasta tardeEsta-Esta noche no va a fantasmearMe pone ojito' de gata cuando bailaSe me pone perra cuando le pongo Bad GyalY le quiere dar hasta el otro día [Puente: Dei V]Under WaterEy, Dei V[Verso 3: Dei V]Quie-Quie-Quiere que le pongan ""GATITA GANGSTER"" de Dei V y KAROL G (G)Le gustan la' mujere' y lo' hombre', ella e' biDe España, mezcló el tabaco con el hachí'Hay que pagar si quiere' darle (Wow), porque ese culo no e' freeLa baby rompe (Rompe), sabe que está buena y que no tiene compe (No)E' una diablita, quiere que la invoque (Ah)Siempre está enseñando el escote (Dei V)Se pone los traje' corto' pa' que el culo se le noteMa-Ma-Ma, dame ese flavor (Wow)Ella e' una mala aunque tiene cara 'e angel (Yeah)El bro me preguntó si le vo'a dar, dije ""sí, señor"", 'toy que la preño (Wow)Tú quiere' bicho, ma, pues ven, que te lo enseño (Prr)Ma, dame ese flavorElla e' una mala aunque tiene cara 'e angelEl bro me preguntó si le vo'a dar, dije ""sí, señor"", 'toy que la preño (Eh-eh)Tú quiere' bicho, ma, pues ven, que te lo enseño (Yeah)[Coro: Dei V, Dei V & Saiko]Esta noche no va a fantasmearMe pone ojito' de gata cuando bailaSe pone perra después de tomarY le quiere dar hasta el otro díaSe está arreglando en el espejo con la amigaSubió una story enseñando el culo pa' que le digan (Ey)Que está buenísima, pero ya lo sabíaSalió hasta tarde [Outro: Dei V]Under WaterLos FlavorzMera, dime, SaikoDime, JC ReyesPR y EspañaEl de los Flavorz"
"JC Reyes","STAR","https://genius.com/Jc-reyes-star-lyrics","11003105","[Letra de ""STAR""][Intro]U-U-U—, U-U-U—, Uve[Pre-Estribillo]Mojada flow Nilo cuando yo la toco, ese totito siempre huele a cocoSe lo muerdo, se lo escupo, está caliente como si e' un hot dogEs una puta en la habitación, lo hacemo' pero siempre e' sin condónLa clavo como yo clavo a la Glock, como stripper modela en mi salón[Estribillo]Y grita ""ah-ah-ah-ah""Cuando se lo hago, dice que no pare y le doy otra ve', eh-eh-ehComo peli porno, si ella se caliente parece una starSe me trеpa encima, hago que se vеnga, le doy como e', eh-eh-eh-ehLe doy como e', eh-eh-eh-ehY grita ""ah-ah-ah-ah""Cuando se lo hago, dice que no pare y le doy otra ve', eh-eh-ehComo peli porno, si ella se caliente parece una starSe me trepa encima, hago que se venga, yo sé cómo e', eh-eh-eh-ehYo sé cómo e', eh-eh-eh-eh[Verso]Parece una star, se pone bellacaDime dónde estás, que le llegas pa' acáSiempre me lo da, ah-ah-ah-ahPorque se la saco (Se la saco) y nadie se la saca (Se la saca)Le compré unos taco' (Taco'), búscame una paca (Paca)Lo hacemo' recién salido el solCon dos perco me quité el dolorEncajamo' como una Glock con el tamborYoung Gypsy, my nigga, se me pegan la' amiga'Buscan la opportunity queriendo una barriga (Una barriga)Yo no se lo meto aunque en Instagram me siga (Me siga)Sabe que lo mato, ese culo está fuera 'e ligaNadie ve lo que hacemo' a poca lu' (Poca lu')Le canto mientra' me entrega su virtu'Se lo mamo, ella fuma del Backwood (Backwood)Ese toto encima hace vudú [Pre-Estribillo]Mojada flow Nilo cuando yo la toco, ese totito siempre huele a cocoSe lo muerdo, se lo escupo, está caliente como si e' un hot dogEs una puta en la habitación, lo hacemo' pero siempre e' sin condónLa clavo como yo clavo a la Glock, como stripper modela en mi salón[Estribillo]Y grita ""ah-ah-ah-ah""Cuando se lo hago, dice que no pare y le doy otra ve', eh-eh-ehComo peli porno, si ella se caliente parece una star (Parece una star)Se me trepa encima, hago que se venga, le doy como e', eh-eh-eh-ehLe doy como e', eh-eh-eh-ehY grita ""ah-ah-ah-ah""Cuando se lo hago, dice que no pare y le doy otra ve', eh-eh-ehComo peli porno, si ella se caliente parece una starSe me trepa encima, hago que se venga, yo sé cómo e', eh-eh-eh-ehYo sé cómo e', eh-eh-eh-eh"
"JC Reyes","FARDOS","https://genius.com/Jc-reyes-and-de-la-ghetto-fardos-lyrics","10061979","[Letra de ""FARDOS""][Intro: De La Ghetto & JC Reyes]GeezyYoung Gipsy (Yeah, yeah-eh)Remix(Los Green Lanters, Los Green Lanters)Chuligang, Chuligang (Los Green Lanters)[Pre-Estribillo: JC Reyes]Me la llevo en el coche y no es un GallardoA ella le gustan los niño' que mueven fardo'A dosciento' kilómetro' prendo un cigarroBebiendo code con Fanta[Estribillo: JC Reyes]Con ese flow me mata, con ese flow me mataSi le doy yo le encanta, solo' los do' a las tanta', woh-ohMe mata, con ese flow me mataSi le doy yo le encanta, solo' los do' a las tanta', woh-oh-oh[Verso 1: JC Reyes]Si lo mueve, ella a mí me mataLe ponen Romeo y baila hasta bachataSi le vieran la cara de sataQue pone cuando yo la hago mi gataCuando le doy le encantaDiabla con cara de santa (Ah)No va conmigo si el loco le cantaPor eso nos amanecimo' hasta las tanta' [Pre-Estribillo: JC Reyes]Me la llevo en el coche y no es un GallardoA ella le gustan los niño' que mueven fardo'A dosciento' kilómetro' prendo un cigarroBebiendo code con Fanta[Estribillo: JC Reyes]Con ese flow me mata, con ese flow me mataSi le doy yo le encanta, solo' los do' a las tanta', woh-ohMe mata, con ese flow me mataSi le doy yo le encanta, solo' los do' a las tanta', woh-oh-oh[Verso 2: De La Ghetto]Ella no le habla a los feo'No sale en foto' y vídeo'Es la madrina, te baja el de'oSin fantasmeo, no hay rebuleoSe excita si hay tiroteoChingamo' frente al espejoEn el Lambo que le den de'oBellaqueo, fronteo, bellaqueo, noLe gustan los chicos malo', mis tatuaje' en los brazo'Las pistola' y los palo', los que mueven trabajoElla me guarda los R debajo del mattressElla no suelta la Glock por si acaso quieren darme [Pre-Estribillo: De La Ghetto]Me la llevo en el coche y no es un un GallardoA ella le gustan los niño' que mueven fardo'A dosciento' kilómetro' prendo un cigarroBebiendo code con Fanta[Estribillo: De La Ghetto]Con ese flow me mata, con ese flow me mataSi yo le doy le encanta, le vo'a romper las nalga', oh-oh-ohMe mata, con ese flow me mataSi yo le doy le encanta, le vo'a romper las nalga', oh-oh-oh[Outro: De La Ghetto & JC Reyes]You know what time it is, homieJaEl remix, Spanish versionDe La Geezy, babyYoung Gipsy, niggaPrraEspaña y Puerto RicoYou know, Josh ""La Arma de Oro""This shitLet's goEcho"
"Rvfv","Desespero","https://genius.com/Morad-and-rvfv-desespero-lyrics","9101583","[Letra de ""Desespero""][Intro: Morad]Ala-ala-ala-ala, ala-ala-ala-ala[Estribillo: Morad]Ala-ala-ala-ala, tiene todo lo que quieren to' la' mujere'Ala-ala-ala-ala, ¿será que lo hace pa' ver si yo me altero?¿Será que lo hace pa' ver si me desespero?¿Será su nuevo novio que no la quiere?Ala-ala-ala-ala, será su nuevo novio que no la quiere[Verso 1: Morad]En mi corazón ya no cabe nada, mi madre ha llenado todo ese aforoY si yo te veo mañana, te digo que lo vería todo más oscuroTienе corazón que es de lana, pеro los sentimiento' que parecen de aceroYo sé que el dolor no es bueno, pero es que con otra rápidamente me curoSi yo cogía la pistola, me decía que rápido le pone el seguroCuando nos veíamo' a sola', solamente me quería hablar del futuroAhora que tú ya te ves sola, ves que solamente no te llena el dineroY si yo te llamo a sola', sabe' que tú vendrías sin tener ni un pero[Refrán: Morad]Ella me pedía el tiempo, yo no tengo tiempo, si el tiempo no paraElla tiene un nuevo novio, pero a ese novio le pone mi caraY no tengo que repetir que parece de Italia, parece su caraEs bonita su cara, es bonita su cara [Estribillo: Morad]Ala-ala-ala-ala, tiene todo lo que quieren to' la' mujere'Ala-ala-ala-ala, ¿será que lo hace pa' ver si yo me altero?¿Será que lo hace pa' ver si me desespero?¿Será su nuevo novio que no la quiere?Ala-ala-ala-ala, será su nuevo novio que no la quiere[Verso 2: RVFV]Y me dice que la pase a busca-arPero luego no quiere saber nadaY yo sé que no dice la verda-adPorque vive' pensando en el mañanaTe—, te juro que si no vuelo a verteSiento como algo dentro se muereY no quiero que cambie mi suerteContigo ya no quiero otra' mujere'Sabe' que por ti me desveloMe gusta tu figura, el olor de tu pelo, eh-ehAntes me decía' ""te quiero""Ahora te haces la dura, sentimientos de acero[Estribillo: RVFV & Morad]Ala-ala-ala-ala, tiene todo lo que quieren to' la' mujere'Ala-ala-ala-ala, ¿será que lo hace pa' ver si yo me altero?¿Será que lo hace pa' ver si me desespero?¿Será su nuevo novio que no la quiere?Ala-ala-ala-ala, será su nuevo novio que no la quiereAla-ala-ala-ala, tiene todo lo que tienen toda' las mujere'Ala-ala-ala-ala, ¿será que lo hace pa' ver si yo me altero?¿Será que lo hace pa' ver si me desespero?¿Será su nuevo novio que no la quiere?Ala-ala-ala-ala, será su nuevo novio que no la quiere"
"Rvfv","Corazón Puro","https://genius.com/Rvfv-rels-b-and-morad-corazon-puro-lyrics","11373804","[Letra de ""Corazón Puro""][Intro: Rels B](Cuando estoy contigo tú me cambia' el mood)Yeah(Se apaga la luz)Yeah(Pa' comerte tengo la receta)Ba-ba-baby, sabes que no me gusta perderPero yo por ti lo pierdo to'To' lo malo que yo tengo si estoy contigo se quita[Pre-Estribillo: Rvfv]Bien pega'o, juntito' lo' do'Haciéndote el amor, comiéndote completaDesespera'o si no estás a mi la'oPa' calmar mi dolor tú tiene' la receta[Estribillo: Rvfv]Tú-ú-ú-úTú me hace' soñar, no te puedo sacar de mi mentеTú-ú-ú-úSi te queda' conmigo yo me еntrego a ti para siempreTú-ú-ú-úUna mirada o mil palabra', tú sabe' que mis ojos no mientenTú-ú-ú-úYo me quedo contigo, no importa lo que hable la gente [Verso 1: Rvfv]Tú ere' la que me sana cuando todo está malY cuando me siento solo te quiero en mi camaCuando baila tiene un arte que eso no es normalMe enamoré de lo' ojito' de aquella gitanaSi tú me lo pide' te bajo la lunaAunque tengan que montarme en una nave espacialNo me importa el dinero, tú ere' mi fortunaYa no existen lo' problema', tú ere' mi tranquilidad[Refrán: Rvfv]Porque tú ere' un corazón puroTú 'tá hecha pa' mí, ven, pégate aquíPorque tú ere' un corazón puroTú 'tá hecha pa' mí, ven, pégate aquí[Estribillo: Rvfv]Tú-ú-ú-úTú me hace' soñar, no te puedo sacar de mi menteTú-ú-ú-úSi te queda' conmigo yo me entrego a ti para siempreTú-ú-ú-úUna mirada o mil palabra', tú sabe' que mis ojos no mientenTú-ú-ú-úYo me quedo contigo, no importa lo que hable la gente [Verso 2: Rels B]De aquí pa'lláTo' lo que haces, mami, qué bien se te daYo te casaría si pudiera, ahOjalá el mundo supiera, ahLo que me enamora, lo que a mí me daUna como tú, bebé, no existiráDime si conmigo te queda-asYo no te puedo perder, tú estás llena 'e poderBebé, tú eres arteY la aventura que me da tu cuerpoNo se compara con ningún placerDéjate ver, quiero saber qué es de ti, bebéSolo pa' informarteQue yo ya no puedo tenerte lejosQue solo quiero que seas mi mujer, déjate verBebé, tú estás llena 'e poder[Refrán: Rvfv & Morad]Porque tú ere' un corazón puroTú 'tá hecha pa' mí, ven, pégate aquíPorque tú ere' un corazón puroTú 'tá hecha pa' mí, ven, pégate aquí (Oh-oh; mira)[Verso 3: Morad]Dime si tú está' libre y me paso al la'oTe buscaba de noche y no te he encontra'o (Ah)Nunca soy un pesa'o, pero por tu cara me lo he pensa'o (-a'o)Si tardas tiempo en avisarme, puede que esté cansa'oSi tardas tiempo en avisarme, puede que esté casa'oNo te dan lo que te he da'o y en el tiempo no te ha sana'o (Mira)Te vas, yo digo: ""Wow"", no busco lo que en el tiempo ha marcha'o [Pre-Estribillo: Morad]Aló, me llama en oculto, rápido le digo ""Aló""Me habla de amore' y le digo: ""Pa' eso walo""Si nunca estuviste en lo malo (En lo malo; woh-oh)[Estribillo: Rvfv & Rels B]Tú-ú-ú-úTú me haces soñar, no te puedo sacar de mi menteTú-ú-ú-úSi te quedas conmigo, yo me entrego a ti para siempreTú-ú-ú-úUna mirada o mil palabra', tú sabe' que mis ojo' no mientenTú-ú-ú-úYo me quedo contigo, no importa lo que hable la gente"
"Rvfv","Casanova","https://genius.com/Rvfv-nioma-pr-jc-el-diamante-and-radu-esp-uhlala-lyrics","10392654","[Letra de ""UHLALA""][Intro]Uhlala (uh-la-la-la-la)RVFV (Cuando mueve ese uh-la-la-la-la)El diamante[Pre-Estribilllo]Si ella sale, en la disco nadie la paraSale con la amiga quieren hacer cosas malasTú sabes como soyYo se to' lo que sientesY si me dices voyTe recojo donde siempre[Estribillo]Y si la veo uh-la-la-la-laCuando lo hacemos uh-la-la-la-laElla si es exclusiveParece que viene de marteY si la robo uh-la-la-la-laY si la veo uh-la-la-la-laCuando lo hacemos uh-la-la-la-laElla si es exclusiveParece que viene de marteY si la robo uh-la-la-la-la [Verso 1]Si no la llamo, me peleaQue la lleve conmigo a donde seaDi dónde quiere' que te veaDe noche o de día, siempre me mareaYo ando metido en la breaPero por ti dejo las cosas feasSi quieres verme texteaQue estoy pa' ti a la hora que seaY sí eres mía prométemeQue eres mía y de nadie másSi quieres me porto bienY dejo de bellaquear con las que antes andabaEs que contigo se me cae la babaCuando te vi no esperaba que me enamoré con una mirada[Interludio]Bonita delante y por detrásHoy yo quiero darteLa mami lo mueve criminalQué rico ese bootyTiene ese piquete espacialContigo me quito las ansiasTú me llevas a otra galaxia[Estribillo]Y si la veo uh-la-la-la-laCuando lo hacemos uh-la-la-la-laElla si es exclusiveParece que viene de marteY si la robo uh-la-la-la-la [Verso 2]Dice mejor sola, no quiere nada de nadieEsta noche bebe está ready pa' que la bailesEse culo que tú tienes en el leggins no te cabe(Lo demás tú ya te lo sabes)Sexy sin novio y solisita'De cualquiera no se enamoraLo nuestro es puro de verdadSi caigo preso no colaboraA dónde va, uh la laTiene dueño lo de allí atrásPeligrosa como una llama, si la tocas te puedes quemar[Estribillo]Y si la veo uh-la-la-la-laCuando lo hacemos uh-la-la-la-laElla si es exclusiveParece que viene de marteY si la robo uh-la-la-la-la[Verso 3]Qué mas pues, te gustéTú me gustas a mí na' másYo le llego a dónde estés por un besito na' másDe tus labios tengo sed, sin miedo te voy a robarTú que haces cositas malas, yo te meto con maldadTú eres la dura, tú eres la paraCon nadie se comparaSencilla y si se maquilla luce más caraFull negro y la máscara y los guantesMe suena interesanteEse culo mueve lo oscuro, no hay quien la aguante [Verso 4]Porque cuando nos vemos tú y yo queremosVolver a hacerlo una y otra vezSiempre que me llamas si que tienes ganasY yo que quiero volver a caerY es que recuerdo como lo hacemosQuiero fijarme dentro de tu pielMami, tú me pones maloDéjame portarme bienElla quiere conmigo, con nadie másPonte pa' mí, vamos a bellaquearNinguna de las otras pongo en tu lugarTampoco tengo pa' ti otra rivalY lo que quiero, que el amor tuyo sea verdaderoContigo no siento los perosTú mi reina y yo soy tu guerrero[Pre-Estribilllo]Si ella sale, en la disco nadie la paraSale con la amiga quieren hacer cosas malasTú sabes como soyYo se to' lo que sientesY si me dices voyTe recojo donde siempre[Estribillo]Y si la veo uh-la-la-la-laCuando lo hacemos uh-la-la-la-laElla si es exclusiveParece que viene de marteY si la robo uh-la-la-la-la"
"SAIKO","COSAS QUE NO TE DIJE","https://genius.com/Saiko-cosas-que-no-te-dije-lyrics","7276986","[Letra ""COSAS QUE NO TE DIJE""][Intro]Yeah, yeahOye, dime, SaikoDime si te gustaría[Verso 1]Vamos a escribir nuestras iniciales juntas (Eh)La verdad que tú me gustasEn invierno y en verano ySi te hago la preguntaEl horóscopo dice que somos compatiblesY eso que yo no creía, pero habrá que hacerle casoY yo te aviso como subas otra foto en la playa te casoMami, dime si te gusto solo por si acasoQue de tanto perder le perdí el miedo al fracaso y (Je)Estoy pensando si dеcirte que me gustas tantoQuе me gustas tanto[Estribillo]Que yo te quiero dormida en la cama con mi hoodieDime si te gustaría, quiero ser todos tus hobbies mami (Mami)Solo una cosa te pediría, que si te doy mi corazónMe lo cuides todos los días [Verso 2]Necesito algo que no sea temporal, alguien para presumirCuando te lleve a comer con mi familia en Navidad (Je)No sé si me entiendesQue yo sé que tienes más pretendientesPero no tienen nada que ofrecerteQuizá alguno te compre ropa de marcaPero tú prefieres ponerte la mía por suerteY cada vez que coinciden las miradas pienso en si tú sientes lo mismoPero tampoco me dices nadaY cuando te vasSiempre me giro por si esta vez me decido[Estribillo]Que yo te quiero dormida en la cama con mi hoodieDime si te gustaría, quiero ser todos tus hobbies mami (Mami)Solo una cosa te pediría, que si te doy mi corazónMe lo cuides todos los días[Verso 3]Solo imaginaMami dime si te gusto para ser tú y yo, y ya (Tú y yo y nadie más)Hay cosas que no te dije aquella nochePero creo que en mi tablero falta reinaNo tengo castillo, pero puedes quedarte en mi casa cuando quierasSolo júrame que tú no serás pasajeraY antes de que te fueras [Puente]Te dije: ""tú solo confía""Yo también tengo miedoDe estrellarme si aceleroPero contigo no freno[Estribillo]Que yo te quiero dormida en la cama con mi hoodieDime si te gustaría, quiero ser todos tus hobbies mami (Mami)Solo una cosa te pediría, que si te doy mi corazónMe lo cuides todos los días[Outro]BebéEs que las palabras no vienen easy, pa' tiQuiero saber si tú piensas en mí¿Cómo te hago ver que esto no es easy pa' mí, pa' mí?"
"SAIKO","Juguete","https://genius.com/Yan-block-ntg-and-saiko-juguete-lyrics","11058875","[Letra de ""Juguete""][Intro]SHB[Estribillo: Yan Block]Estoy con par de tragos en ambienteQue se joda, te me viniste a la menteAhora pienso en esto solamenteDale, miénteme, yo vo'a ser tu jugueteTenerte encima es tener mucha suerteTú me debilita' y eso que soy fuerteYa no aguanto, te tiré, ya quiero verteDale, miénteme, yo vo'a ser tu juguete[Verso 1: Yan Block]Si yo le bajo, como J: es pa' mamártela, pártelaTú la tienes, baby, no hay que dártelaBajo con Perco, con mari y con codeChequéate las flores, to's colores, to's coloresTú puedes ser tú, bebecita, eso no me jodePero no te enamore', baby, yo soy un ballerEstoy frío por ahí, ¿pa' qué quiere' que me empistole?Yo tengo otra pistola, mami, pa' que te enamore'[Refrán: Yan Block]Tú y yo somo' un bo', tu jevo e' un boboDe ti lo quiero to', to' eso yo me lo comoYo no le doy follow, pero le doy paloTú ere' una mala y yo soy un maloTú y yo somo' un bo', tu jevo e' un boboDe ti lo quiero to', to' eso yo me lo comoYo no le doy follow, pero le doy paloTú ere' una mala y yo soy un malo [Estribillo: Yan Block]Estoy con par de tragos en ambienteQue se joda, te me viniste a la menteAhora pienso en esto solamenteDale, miénteme, yo vo'a ser tu jugueteTenerte encima es tener mucha suerteTú me debilita' y eso que soy fuerteYa no aguanto, te tiré, ya quiero verteDale, miénteme, yo vo'a ser tu juguete[Refrán: NTG]Yo no le doy follow, pero le doy paloTú ere' una mala y yo soy un maloEstoy con par de tragos en ambienteQue se joda, te me viniste a la menteNo aguanto, te tiré, ya quiero verteMami, tú va' a singar con un jefe[Verso 2: NTG]Si le bajo, mami, ahí mismo te lo como, ya ni sé ni qué hacerEstoy prendío' con el romo, siempre me da pa' tiVamo' a compartir esta Perco, mami, ya fumamos weedSin ti yo soy como Akon, me siento lonelyEnamora'o de tu cuerpo, yo te quiero for meRobarte ellos intentan, pero ando con .40Un cachazo con la glopeta al que hable con mi shorty(Un cachazo con la glopeta al que hable con mi shorty) [Verso 3: SAIKO]Úsame de juguete, te tengo gana' de siempreY ver esa cara mala cuando entreSi dice que no, te mienteComo montaña rusa, te hago cosquilla' dentro del vientre'Tá riquísima, yo sé que eso e' má' que evidenteSi te abre' Only, yo soy tu clienteMe cuidan con lo' nazario' to'a mi genteCuando estés caliente, bebéYo puedo ser lo que tú necesita'Úsame como el juguete 'e tu mesitaCada año estás más bonitaYo sé que te fuiste a hacerte la' tetita'Tú ere' una mala y yo soy un maloYo no le doy follow, pero le doy palo(Prr-prr-prr, pero le doy palo)(Tú ere' una mala y yo soy un malo)[Estribillo: Yan Block]Estoy con par de tragos en ambienteQue se joda, te me viniste a la menteAhora pienso en esto solamenteDale, miénteme, yo vo'a ser tu jugueteTenerte encima es tener mucha suerteTú me debilita' y eso que soy fuerteYa no aguanto, te tiré, ya quiero verteDale, miénteme, yo vo'a ser tu juguete [Outro: NTG, SAIKO & Yan Block]Estoy con par de tragos en ambienteY que se joda, te me viniste a la menteAh-ah, ah-ahEstoy con par de tragos en ambienteQue se joda, te me viniste a la menteTú ere' una mala y yo soy un malo"
"SAIKO","REINA","https://genius.com/Mora-and-saiko-reina-lyrics","9252407","[Letra de ""REINA""][Intro]Bebé, yo sé que estás trabajandoPero necesito que llegues ya, por favorNo aguanto más[Pre-Coro: Mora]Yo no sé ni cómo, pero la tengo aquíTumbada en mi pecho, me siento frágilTengo miedo de no ser suficiente pa' ti[Coro: Mora & Saiko]Eras la princesa 'e papi, pero ahora eres mi reinaMe lleva al cielo, me quita to'a las pena'Estás bonita hasta cuando te despeina'Después de hacerlo, cuando tu cuerpo tiemblaSé que te ponеs tiernaPor eso erеs mi reinaMe lleva al cielo, me quita to'a las pena'Estás bonita hasta cuando te despeina'Después de hacerlo, cuando tu cuerpo tiemblaSé que te pones tierna[Verso 1: Mora]Bebé, yo me conformo con que estés ahíCuando el sol está a punto de salirPa' escucharte respirar, pa' escucharte gemirMi corazón 'taba roto y por ti volvió a latirContigo to' e' una aventura y a mí me gusta el peligroTú eres libra y si te leo, siempre te descifroCuando no estás, siento que me desequilibroY pa' qué mirar pa'l la'o, si contigo es que yo vibroTan bonita que asusta""¿Por qué estás conmigo?"", mi mente siempre preguntaYo que juraba que estaría solo, pues resultaQue dormir sin ti ya no me gusta, eyTan bonita que asusta""¿Por qué estás conmigo?"", mi mente siempre preguntaYo que juraba que estaría solo, pues resulta [Coro: Saiko & Mora]Era' la princesa 'e papi, pero ahora eres mi reinaMe lleva al cielo, me quita to'a las pena'Estás bonita hasta cuando te despeina'Después de hacerlo, cuando tu cuerpo tiemblaSé que te pones tiernaPor eso eres mi reinaMe lleva al cielo, me quita to'a las pena'Estás bonita hasta cuando te despeina'Después de hacerlo, cuando tu cuerpo tiemblaSé que te pone'—[Verso 2: Saiko]Sé que te pone' mala y que rezas cada vez que yo cojo un vueloSé que esta vida no es pa' ti, pero no ponga' frenoNo quiero perderme nada por la culpa de tus miedo'Eres la princesa 'e papi, a tu papi lo vo'a hacer abueloPerdóname cada error, dejé sin pétalos la flor (Flor)Si no tuviera nada, ¿tú me querría' o no? (No)¿Estarás conmigo hasta el día que pierda la vo'?Cuando arruga' y cana' nos recubran a los do'Me desnudo contigo, te dejo que veas mi corazónDiscutimo' y te doy la razón sin tener razónSiempre que me ve llevo unas nueva' Jordan 4Te compré en el aeropuerto de Kylie Cosmetics gloss (Gloss)Por ti lo doy to', diosa sin un diosCuando estás lejo', dejo de ser yo [Coro: Mora & Saiko]Eras la princesa 'e papi, pero ahora eres mi reinaMe lleva al cielo, me quita to'a las pena'Estás bonita hasta cuando te despeina'Después de hacerlo, cuando tu cuerpo tiemblaSé que te pones tiernaQue por eso eres mi reinaMe lleva al cielo, me quita to'a las pena'Estás bonita hasta cuando te despeina'Después de hacerlo, cuando tu cuerpo tiemblaSé que te pone'— (Sé-Sé que te pone'—)[Pre-Coro: Saiko]Yo no sé ni cómo, pero la tengo aquíTumbada en mi pecho, me siento frágilTengo miedo de no ser suficiente pa' ti[Coro: Saiko]Eras la princesa 'e papi, pero ahora eres mi reinaMe lleva al cielo, me quita to'a las pena'Estás bonita hasta cuando te despeina'Después de hacerlo, cuando tu cuerpo tiemblaSé que te pones tierna, ah"
